!,!il
#,#ah
$,$s
&,&a
(,(cil
),)il
*,*aeiou
+,+t
/,/il
0,0o
1,1il
2,2z
3,3Bbeg
4,4a
5,5s
6,6Sbs
7,7t
8,8Hbh
9,9gpq
<,<c
@,@a
A,Aa
B,Bb
C,Cc
D,Dd
E,Ee
F,Ff
G,Gg
H,Hh
I,ILil
J,Jij
K,Kck
L,Lil
M,Mm
N,Nn
O,OQoq
P,Pp
Q,Qq
R,Rr
S,Ss
T,Tt
U,UVuv
V,UVuv
W,Ww
X,Xceiux
Y,Yy
Z,Zz
[,[il
\,\il
],]il
^,^auv
a,a
c,c
d,d
e,e
g,g
h,h
i,il
j,Jij
k,ck
l,il
n,n
o,oq
r,r
s,s
t,t
u,uv
v,uv
w,w
x,ceiux
y,y
z,sz
{,il{
|,il|
},il}
¡,i
¢,c
£,Eef
¤,o
¥,Yy
¦,Iil
§,Sfs
©,Cc
ª,a
«,c
®,Rr
°,o
²,2z
³,3e
´,'
µ,mu
¶,IPilp
º,o
¿,i
À,à
Á,á
Â,â
Ã,ã
Ä,ä
Å,å
Æ,AEaeæ
Ç,ç
È,è
É,é
Ê,ê
Ë,ë
Ì,ì
Í,í
Î,î
Ï,ï
Ð,Ddð
Ñ,ñ
Ò,ò
Ó,ó
Ô,ô
Õ,õ
Ö,ö
×,x×
Ø,Ooø
Ù,ù
Ú,ú
Û,û
Ü,ü
Ý,ý
Þ,Ppþ
ß,Bb
æ,ae
ð,do
ø,o
þ,b
Ā,ā
Ă,ă
Ą,ą
Ć,ć
Ĉ,ĉ
Ċ,ċ
Č,č
Ď,ď
Đ,Ddđ
đ,do
Ē,ē
Ĕ,ĕ
Ė,ė
Ę,ę
Ě,ě
Ĝ,ĝ
Ğ,ğ
Ġ,ġ
Ģ,ģ
Ĥ,ĥ
Ħ,Hhħ
ħ,h
Ĩ,ĩ
Ī,ī
Ĭ,ĭ
Į,į
į,j
İ,i
ı,iı
Ĳ,IJijĳ
ĳ,ij
Ĵ,ĵ
Ķ,ķ
ĸ,Kk
Ĺ,ĺ
Ļ,ļ
Ľ,ľ
Ŀ,Llŀ
ŀ,il
Ł,Llł
ł,il
Ń,ń
Ņ,ņ
Ň,ň
ŉ,n
Ŋ,JNjnŋ
ŋ,no
Ō,ō
Ŏ,ŏ
Ő,ő
Œ,CEOceoœ
œ,ceo
Ŕ,ŕ
Ŗ,ŗ
Ř,ř
Ś,ś
Ŝ,ŝ
Ş,ş
Š,š
Ţ,ţ
Ť,ť
Ŧ,Ttŧ
ŧ,it
Ũ,ũ
Ū,ū
Ŭ,ŭ
Ů,ů
Ű,ű
Ų,ų
Ŵ,ŵ
Ŷ,ŷ
Ÿ,ÿ
Ź,ź
Ż,ż
Ž,ž
ſ,Jfijrſ
ƀ,b
Ɓ,Bbɓ
Ƃ,bƃ
ƃ,bg
Ƅ,bƄƅ
ƅ,bn
Ɔ,Ccɔ
Ƈ,Ccƈ
ƈ,c
Ɖ,Ddɖ
Ɗ,Ddɗ
Ƌ,aƌ
ƌ,a
ƍ,gƍ
Ǝ,Eeǝ
Ə,eə
Ɛ,Eeɛ
Ƒ,Ffƒ
ƒ,f
Ɠ,Ggɠ
Ɣ,yɣ
ƕ,hn
Ɩ,TltƖɩ
Ɨ,Iiɨ
Ƙ,Kkƙ
ƙ,k
ƚ,Iil
ƛ,ln
Ɯ,Wwɯ
Ɲ,Nnɲ
ƞ,n
Ɵ,oɵ
Ơ,ơ
Ƣ,Ooƣ
ƣ,o
Ƥ,Ppƥ
ƥ,Pp
Ʀ,RrƦʀ
Ƨ,2SZszƧƨ
ƨ,sz
Ʃ,Eeʃ
ƪ,Iil
ƫ,t
Ƭ,Ttƭ
ƭ,Ee
Ʈ,Ttʈ
Ư,ư
Ʊ,uʊ
Ʋ,uʋ
Ƴ,Yyƴ
ƴ,y
Ƶ,Zzƶ
ƶ,z
Ʒ,3EeƷʒ
Ƹ,Eeƹ
ƹ,Ee
ƺ,e
ƻ,Zz
Ƽ,5SsƼƽ
ƽ,Ssƽ
ƾ,c
ƿ,p
ǀ,Iilǀ
ǁ,Iil
ǂ,t
ǃ,Iil
Ǆ,DZdzǆ
ǅ,Ddzǆ
ǆ,dz
Ǉ,Wwǉ
ǈ,Ljlǉ
ǉ,Iijl
Ǌ,JNjnǌ
ǋ,Njnǌ
ǌ,jn
Ǎ,ǎ
Ǐ,ǐ
Ǒ,ǒ
Ǔ,ǔ
Ǖ,ǖ
Ǘ,ǘ
Ǚ,ǚ
Ǜ,ǜ
ǝ,e
Ǟ,ǟ
Ǡ,ǡ
Ǣ,ǣ
Ǥ,Ggǥ
ǥ,g
Ǧ,ǧ
Ǩ,ǩ
Ǫ,ǫ
Ǭ,ǭ
Ǯ,ǯ
Ǳ,DZdzǳ
ǲ,Ddzǳ
ǳ,dz
Ǵ,ǵ
Ƕ,Hhƕ
Ƿ,Ppƿ
Ǹ,ǹ
Ǻ,ǻ
Ǽ,ǽ
Ǿ,ǿ
Ȁ,ȁ
Ȃ,ȃ
Ȅ,ȅ
Ȇ,ȇ
Ȉ,ȉ
Ȋ,ȋ
Ȍ,ȍ
Ȏ,ȏ
Ȑ,ȑ
Ȓ,ȓ
Ȕ,ȕ
Ȗ,ȗ
Ș,ș
Ț,ț
Ȝ,3EeȜȝ
ȝ,e
Ȟ,ȟ
Ƞ,hnƞ
ȡ,d
Ȣ,8SsȢȣ
ȣ,8sȣ
Ȥ,Zzȥ
ȥ,z
Ȧ,ȧ
Ȩ,ȩ
Ȫ,ȫ
Ȭ,ȭ
Ȯ,ȯ
Ȱ,ȱ
Ȳ,ȳ
ȴ,l
ȵ,n
ȶ,t
ȷ,Jj
ȸ,bdo
ȹ,opq
Ⱥ,Aaⱥ
Ȼ,Ccȼ
ȼ,c
Ƚ,Llƚ
Ⱦ,Ttⱦ
ȿ,s
ɀ,Zz
Ɂ,Ppɂ
ɂ,p
Ƀ,Bbƀ
Ʉ,Uuʉ
Ʌ,nʌ
Ɇ,Eeɇ
ɇ,e
Ɉ,Jjtɉ
ɉ,j
Ɋ,qɋ
ɋ,q
Ɍ,Rrɍ
ɍ,Ff
Ɏ,Yyɏ
ɏ,y
ɐ,ap
ɑ,aoɑ
ɒ,abo
ɓ,b
ɔ,co
ɕ,Gcg
ɖ,d
ɗ,d
ɘ,e
ə,e
ɚ,e
ɛ,Ee
ɜ,Ee
ɝ,Ee
ɞ,Bbe
ɟ,Jfjt
ɠ,g
ɡ,gɡ
ɢ,Gg
ɣ,ilyɣ
ɤ,il
ɥ,hu
ɦ,h
ɧ,bh
ɨ,i
ɩ,ilɩ
ɪ,Iiɪ
ɫ,l
ɬ,l
ɭ,l
ɮ,Bb
ɯ,mwɯ
ɰ,uw
ɱ,m
ɲ,n
ɳ,n
ɴ,Nn
ɵ,o
ɶ,DEde
ɷ,o
ɸ,Iio
ɹ,rɹ
ɺ,r
ɻ,l
ɼ,cr
ɽ,cr
ɾ,ij
ɿ,ir
ʀ,Rr
ʁ,Rbr
ʂ,Ees
ʃ,fl
ʄ,ft
ʅ,il
ʆ,Iil
ʇ,fit
ʈ,t
ʉ,u
ʊ,ou
ʋ,bouʋ
ʌ,nv
ʍ,Mmw
ʎ,lny
ʏ,Yyʏ
ʐ,z
ʑ,Zz
ʒ,Ee
ʓ,Ee
ʔ,p
ʕ,pr
ʖ,b
ʗ,CIci
ʘ,o
ʙ,Bb
ʚ,Bb
ʛ,Gg
ʜ,Hh
ʝ,ij
ʞ,Kk
ʟ,Lil
ʠ,d
ʡ,pt
ʢ,rt
ʣ,dz
ʤ,bd
ʥ,dz
ʦ,st
ʧ,ft
ʨ,ct
ʩ,fjm
ʪ,s
ʫ,z
ʬ,w
ʭ,n
ʮ,u
ʯ,u
ʰ,h
ʲ,j
ʳ,r
ʷ,w
ʸ,Yy
˛,i˛
ˡ,l
ˢ,s
ˣ,x
Ͱ,ͱ
Ͳ,Ttͳ
ͳ,Tt
Ͷ,Nnͷ
ͷ,Nn
ͺ,iͺ
ͻ,c
ͼ,ce
ͽ,c
Ϳ,jͿϳ
Ά,ά
Έ,έ
Ή,ή
Ί,ί
Ό,ό
Ύ,ύ
Ώ,ώ
Α,AaΑα
Β,BbΒβ
Γ,rγ
Δ,Aaδ
Ε,EeΕε
Ζ,ZzΖζ
Η,HhΗη
Θ,Ooθ
Ι,IilΙι
Κ,KkΚκ
Λ,AVavλ
Μ,MmΜμ
Ν,NnΝν
Ξ,ξ
Ο,OoΟο
Π,nπ
Ρ,PpΡρ
Σ,Eeσ
Τ,TtΤτ
Υ,YyΥυ
Φ,Ooφ
Χ,XxΧχ
Ψ,Ttwψ
Ω,Ooω
Ϊ,ϊ
Ϋ,ϋ
α,aα
β,Bb
γ,yγ
δ,do
ε,Ee
ζ,cz
η,hn
θ,Oo
ι,iι
κ,k
λ,Aaln
μ,mu
ν,nvν
ξ,Ee
ο,oο
π,n
ρ,pρ
ς,cs
σ,oσ
τ,Tt
υ,uυ
φ,Wpw
χ,Xx
ψ,tw
ω,w
Ϗ,Kkϗ
ϐ,Bb
ϑ,o
ϒ,Yyϒ
ϕ,lo
ϖ,w
ϗ,KNkn
Ϙ,OQoqϙ
ϙ,o
Ϛ,Ccϛ
ϛ,c
Ϝ,FfϜϝ
ϝ,f
Ϟ,Hhnϟ
ϟ,Hhn
Ϡ,ϡ
Ϣ,Wwyϣ
ϣ,wy
Ϥ,quϥ
ϥ,qu
Ϧ,bϧ
ϧ,ce
Ϩ,2ZzϨϩ
Ϫ,Xxϫ
ϫ,x
Ϭ,boϭ
ϭ,bo
Ϯ,tϯ
ϯ,t
ϰ,Kkx
ϱ,gpϱ
ϲ,cϲ
ϳ,jϳ
ϴ,Ooθ
ϵ,e
϶,e
Ϸ,pϸ
ϸ,p
Ϲ,CcϲϹ
Ϻ,MmϺϻ
ϻ,Mm
ϼ,p
Ͻ,Ccͻ
Ͼ,CEceͼ
Ͽ,CDcdͽ
Ѐ,ѐ
Ё,ё
Ђ,bhђ
Ѓ,ѓ
Є,Eeє
Ѕ,SsЅѕ
І,IilІі
Ї,ї
Ј,JjЈј
Љ,bnљ
Њ,Hbhњ
Ћ,hћ
Ќ,ќ
Ѝ,ѝ
Ў,ў
Џ,Uuџ
А,AaАа
Б,bб
В,BbВв
Г,rг
Д,ADadnoд
Е,EeЕе
Ж,HXhmwxж
З,3EeЗз
И,Nnи
Й,й
К,KkКк
Л,nл
М,MmМм
Н,HhНн
О,OoОо
П,nп
Р,PpРр
С,CcСс
Т,TbtТт
У,yУу
Ф,Ooф
Х,XxХх
Ц,Uuц
Ч,huч
Ш,UWuwш
Щ,UWuwщ
Ъ,bъ
Ы,Ibiluы
Ь,BbЬь
Э,3Eeэ
Ю,HIhiloю
Я,Rrя
а,aа
б,6abб
в,Bb
г,rг
д,no
е,eе
ж,Xx
з,e
и,Nn
к,Kk
л,n
м,Mm
н,Hh
о,oо
п,n
р,pр
с,cс
т,Tt
у,yу
ф,o
х,xх
ц,u
ч,u
ш,w
щ,w
ъ,b
ы,Ibil
ь,b
э,e
ю,Iilo
я,Rr
ђ,n
є,e
ѕ,sѕ
і,iі
ј,jј
љ,bn
њ,Hbh
ћ,hn
џ,u
Ѡ,Wwѡ
ѡ,wѡ
Ѣ,bѣ
ѣ,b
Ѥ,CEIceiѥ
ѥ,ei
Ѧ,Aaѧ
ѧ,Aa
Ѩ,AIailѩ
ѩ,Aa
Ѫ,Aanѫ
ѫ,Aa
Ѭ,Aanѭ
ѭ,Aa
Ѯ,eѯ
ѯ,e
Ѱ,uwѱ
ѱ,w
Ѳ,Ooѳ
ѳ,o
Ѵ,vѴѵ
ѵ,vѵ
Ѷ,ѷ
Ѹ,oqѹ
ѹ,q
Ѻ,Ooѻ
ѻ,o
Ѽ,wѽ
ѽ,w
Ѿ,ouwѿ
ѿ,w
Ҁ,Ggiҁ
ҁ,Gcg
҂,i
Ҋ,HNhnҋ
ҋ,Nn
Ҍ,bҍ
ҍ,b
Ҏ,pҏ
ҏ,p
Ґ,rґ
ґ,r
Ғ,Ffғ
ғ,Ff
Ҕ,Ffhҕ
ҕ,h
Җ,Xxҗ
җ,Xx
Ҙ,Eeҙ
ҙ,e
Қ,Kkқ
қ,Kk
Ҝ,Kkҝ
ҝ,Kk
Ҟ,Kkҟ
ҟ,Kk
Ҡ,Kkҡ
ҡ,Kk
Ң,Hhң
ң,Hh
Ҥ,Hhҥ
ҥ,Hh
Ҧ,hmҧ
ҧ,m
Ҩ,aoҩ
ҩ,a
Ҫ,Ccҫ
ҫ,c
Ҭ,Ttҭ
ҭ,Tt
Ү,YyҮү
ү,Yyү
Ұ,Yyұ
ұ,Vv
Ҳ,Xxҳ
ҳ,x
Ҵ,Totuҵ
ҵ,Ttu
Ҷ,uҷ
ҷ,u
Ҹ,uҹ
ҹ,u
Һ,hһ
һ,hһ
Ҽ,eҽ
ҽ,eҽ
Ҿ,eҿ
ҿ,e
Ӏ,IilӀӏ
Ӂ,ӂ
Ӄ,Kkӄ
ӄ,Kk
Ӆ,noӆ
ӆ,no
Ӈ,Hhӈ
ӈ,Hh
Ӊ,Hhӊ
ӊ,Hh
Ӌ,uӌ
ӌ,u
Ӎ,Mmӎ
ӎ,Mm
ӏ,Iilӏ
Ӑ,ӑ
Ӓ,ӓ
Ӕ,AEaeӕ
ӕ,ae
Ӗ,ӗ
Ә,Gaegә
ә,e
Ӛ,ӛ
Ӝ,ӝ
Ӟ,ӟ
Ӡ,3EeӠӡ
ӡ,Ee
Ӣ,ӣ
Ӥ,ӥ
Ӧ,ӧ
Ө,Oeoө
ө,e
Ӫ,ӫ
Ӭ,ӭ
Ӯ,ӯ
Ӱ,ӱ
Ӳ,ӳ
Ӵ,ӵ
Ӷ,rӷ
ӷ,r
Ӹ,ӹ
Ӻ,Ffrӻ
ӻ,r
Ӽ,Xxӽ
ӽ,x
Ӿ,Xxӿ
ӿ,x
Ԁ,Pdpԁ
ԁ,dԁ
Ԃ,dԃ
Ԅ,Rrԅ
Ԇ,Rrԇ
Ԉ,nԉ
Ԋ,Hhԋ
Ԍ,GgԌԍ
Ԏ,JTjtԏ
Ԑ,Eeԑ
Ԓ,nԓ
Ԕ,JXjxԕ
Ԗ,PRprԗ
Ԙ,Eeԙ
Ԛ,OQoqԛ
ԛ,qԛ
Ԝ,WwԜԝ
ԝ,wԝ
Ԟ,Kkԟ
Ԡ,nԡ
Ԣ,Hhԣ
Ԥ,nԥ
Ԧ,hԧ
Ԩ,Hhԩ
Ԫ,ԫ
Ԭ,Aaԭ
Ԯ,nԯ
Ա,Uuա
Բ,Ffբ
Գ,qգ
Դ,nrդ
Ե,tե
Զ,czզ
Է,tէ
Ը,crը
Թ,Aaթ
Ժ,dժ
Ի,rի
Լ,Llլ
Խ,nuխ
Ծ,oծ
Կ,uկ
Հ,cհ
Ձ,Zzձ
Ղ,nղ
Ճ,aճ
Մ,Uuմ
Յ,eյ
Ն,JLijlն
Շ,cշ
Ո,",Unuո"
Չ,",oչ"
Պ,mպ
Ջ,oջ
Ռ,nռ
Ս,uՍս
Վ,uվ
Տ,SsՏտ
Ր,rր
Ց,eց
Ւ,rւ
Փ,oփ
Ք,pք
Օ,OoՕօ
Ֆ,cֆ
ա,wա
բ,Ff
գ,qգ
դ,n
ե,t
զ,qզ
է,t
ը,cno
թ,p
ժ,d
ի,nr
լ,Lil
խ,Nn
ծ,o
կ,u
հ,hհ
ձ,bdo
ղ,n
ճ,ao
մ,u
յ,j
ն,u
շ,Zz
ո,nո
չ,z
պ,uw
ջ,p
ռ,nռ
ս,uս
վ,uy
տ,n
ր,n
ց,gց
ւ,Ll
փ,n
ք,fpք
օ,oօ
ֆ,c
և,u
֏,n
׀,l׀
ו,lו
ט,vט
ן,lן
ס,oס
ا,ilا
ه,oه
و,9g
١,Iil١
٢,r
٣,r
٤,Ee
٥,o٥
٦,i
٧,Vuv٧
٨,n
٩,9g
ھ,oھ
ہ,oہ
ە,oە
۱,l۱
۵,o۵
۷,v۷
۹,Qq
߀,o߀
ߊ,lߊ
ठ,o
ॐ,Bb
।,Iil
॥,il
०,o०
ॼ,co
এ,Ddo
ত,b
ফ,BTbt
০,o০
৪,8b৪
৭,9g৭
ਘ,w
ਜ,Hh
ਥ,pq
ਧ,Topqt
ਯ,Oopq
੦,o੦
੧,9g੧
੪,8੪
ઇ,BDbd
ક,fst
ખ,iluw
ગ,cilo
ઘ,el
ઙ,cos
ચ,ciu
છ,ceo
જ,oy
ઝ,hkno
ઞ,chilo
ટ,cos
ઠ,cos
ડ,cs
ઢ,ceos
ણ,cilos
ત,iln
થ,ilu
દ,ceo
ધ,ceil
ન,hil
પ,ilu
ફ,fst
બ,iluw
ભ,hilo
મ,hil
ય,cilu
ર,cor
લ,chil
વ,cil
શ,clo
ષ,iluy
સ,chil
હ,cs
૦,o૦
ଃ,8ଃ
କ,m
ଟ,c
ଠ,oଠ
ଢ,n
୦,o୦
୨,9g୨
உ,b
ப,u
ள,n
ழ,e
௦,o௦
ం,oం
ఇ,Bb
ఞ,Bbm
డ,Ddow
ఴ,ew
౦,o౦
ಂ,oಂ
ಆ,eu
ಋ,Dcdo
ದ,BObow
ಫ,Ttw
ವ,Ttw
ಶ,Ddo
೦,o೦
ം,oം
ക,Oo
ഖ,nou
ഗ,cos
ഘ,eu
ങ,BCRbcr
ച,Iilo
ഛ,ceno
ജ,Bbo
ഝ,enuw
ഞ,mno
ട,Scs
ഠ,oഠ
ഡ,Bbnuw
ഢ,nuw
ണ,em
ത,mo
ഥ,bno
ദ,BRbor
ധ,nuw
ന,mn
പ,IUilnu
ഫ,bno
ബ,mnu
ഭ,BCFRbcfr
മ,o
യ,ceow
ര,ceno
ല,eu
ഴ,pu
വ,nu
ശ,eou
ഷ,nouw
സ,mnu
ഹ,no
ൈ,n
൦,o൦
൭,9൭
ං,oං
අ,DOPcdopq
ආ,DOPcdopq
ඇ,DOPcdopq
ඈ,DEOPcdeopq
ඉ,o
ඊ,o
උ,COco
ඌ,COco
ඎ,a
එ,GOcgo
ඒ,GOcgo
ඔ,Oow
ඕ,Oow
ඖ,Oow
ක,co
ඛ,Ccen
ග,co
ඞ,Aaw
ච,GOgo
ඡ,Cbco
ජ,Cbco
ඣ,DOdow
ඤ,cw
ට,DGOcdgo
ඨ,w
ඪ,Oow
ණ,Oco
ඬ,Oow
ත,o
ථ,DGOcdgo
ද,co
ධ,AGagsw
න,Ddo
ප,Cco
ඵ,Dcdo
බ,Aae
භ,Dcdo
ම,DGOdgo
ය,BEbeow
ර,bo
ල,COco
ව,DGOdgo
ශ,Dcdo
ෂ,Cco
ස,Bbw
හ,Ddo
ก,no
ข,DIUdilu
ฃ,DIdilu
ค,cp
ฅ,mnp
ฆ,INilnu
ง,Iiluv
จ,Ddnq
ฉ,Oanoq
ช,DIUdilu
ซ,Ddu
ฌ,Iiln
ญ,Iilnu
ฎ,DIOdilo
ฏ,DIOdilo
ฐ,Sbos
ฑ,INiln
ฒ,Iilmq
ณ,Iilu
ด,noq
ต,Mmnq
ถ,ILiln
ท,Nnuv
ธ,Sbos
น,Nnu
บ,DIdilu
ป,DIdilq
ฝ,INilnw
พ,IMNilmnw
ฟ,IMilmw
ภ,Iiln
ม,Iilu
ย,DIdilu
ร,Ppq
ฤ,Iiln
ล,DIadil
ฦ,Iil
ว,Ibil
ศ,bnop
ษ,Iilu
ส,DIadil
ห,NVnuv
ฬ,INWilnw
อ,GOago
ฮ,CDGOcdgop
ฯ,Iil
า,Iil
ำ,Iil
฿,BIbil
เ,Ibil
แ,Ibil
โ,Ibil
ใ,Ibil
ไ,Ibil
ๅ,Iil
ๆ,Iil
๐,o๐
๑,co
๒,Ieilmu
๓,Obcmo
๔,DOcdeo
๕,Dcdeo
๖,Ddeo
๗,Iilm
๘,Ddw
๙,Kkno
ຜ,w
ຝ,w
ວ,Jj
ຽ,Jej
໐,o໐
ໞ,n
ང,c
ཎ,Tpt
ཪ,Hh
ཬ,Ii
ྉ,cm
က,cu
ခ,eo
ဂ,CNOcno
ဃ,COUcou
င,co
စ,o
ဆ,eo
ဇ,COco
ဉ,op
ည,co
ဋ,COco
ဌ,cgoq
ဍ,COco
ဎ,OUou
တ,co
ထ,co
ဒ,be
ဓ,o
န,s
ပ,ou
ဖ,eu
ဗ,ou
ဘ,co
မ,ou
ယ,cu
ရ,op
လ,co
ဝ,oဝ
သ,co
ဟ,cu
ဠ,COco
ဥ,cop
ဧ,CEOceo
ဩ,co
၀,o၀
၌,cgop
၎,copq
ၡ,q
ၰ,cu
ၽ,eu
ၾ,eu
Ⴀ,oⴀ
Ⴁ,ouⴁ
Ⴂ,noⴂ
Ⴃ,oⴃ
Ⴄ,COcnoⴄ
Ⴅ,enⴅ
Ⴆ,bⴆ
Ⴇ,Ddnoⴇ
Ⴈ,norⴈ
Ⴉ,Jjoqⴉ
Ⴊ,bⴊ
Ⴋ,dⴋ
Ⴌ,hⴌ
Ⴍ,Qqⴍ
Ⴎ,Uuⴎ
Ⴏ,juⴏ
Ⴐ,Jjmⴐ
Ⴑ,Jjⴑ
Ⴒ,Ppⴒ
Ⴓ,Qqⴓ
Ⴔ,pqⴔ
Ⴕ,jtⴕ
Ⴖ,mnⴖ
Ⴗ,ⴗ
Ⴘ,ⴘ
Ⴙ,ⴙ
Ⴚ,ⴚ
Ⴛ,ⴛ
Ⴜ,ⴜ
Ⴝ,Ssⴝ
Ⴞ,ⴞ
Ⴟ,ⴟ
Ⴠ,ⴠ
Ⴡ,Iiⴡ
Ⴢ,ⴢ
Ⴣ,ⴣ
Ⴤ,ⴤ
Ⴥ,ⴥ
Ⴧ,ⴧ
Ⴭ,Zzⴭ
ა,co
ბ,o
გ,o
დ,co
ე,co
ვ,beo
ზ,o
თ,cno
ი,n
კ,ceo
ლ,mno
მ,ao
ნ,co
ო,mn
პ,eo
ჟ,joy
რ,mn
ს,bo
ტ,o
უ,cgo
ფ,ceo
ქ,bo
ღ,mno
ყ,yყ
შ,cdo
ჩ,ho
ც,beo
ძ,cdo
წ,o
ჭ,cjot
ხ,bo
ჯ,cjot
ჰ,e
ჿ,oჿ
ᄀ,Ii
ᄁ,Ii
ᄂ,Ll
ᄃ,co
ᄄ,co
ᄅ,Scs
ᄆ,o
ᄇ,Aapu
ᄈ,Aauw
ᄉ,Aan
ᄊ,AMUamu
ᄋ,o
ᄌ,Aan
ᄍ,Mmu
ᄎ,lt
ᄏ,Ff
ᄐ,Eceo
ᄑ,co
ᄒ,o
ᅬ,Ii
ᆡ,Ii
ᆷ,o
ᆿ,Ff
ሀ,uvሀ
ሁ,uv
ሂ,ily
ሃ,y
ሄ,by
ህ,Uu
ሆ,PUpu
ሇ,PUpu
ለ,n
ሉ,n
ሊ,n
ላ,n
ሌ,Ibin
ል,Aabn
ሎ,no
ሏ,1Iily
ሐ,hm
ሑ,hm
ሒ,hm
ሓ,hm
ሔ,bhm
ሕ,him
ሖ,hm
ሗ,Ibilm
መ,Dado
ሙ,ao
ሚ,aq
ማ,aq
ሜ,abq
ም,oq
ሞ,oq
ሟ,Taoqt
ሠ,uvw
ሡ,uvw
ሢ,uw
ሣ,uw
ሤ,buw
ሥ,w
ሦ,uvw
ሧ,Tmntuw
ረ,CGcgl
ሩ,Gcgi
ሪ,Gcgl
ራ,CGcg
ሬ,CGcg
ር,CGcg
ሮ,CGcg
ሯ,CITcit
ሰ,n
ሱ,n
ሲ,n
ሳ,n
ሴ,bn
ስ,n
ሶ,n
ሷ,ACIOacio
ሸ,HIhinx
ሹ,Iin
ሺ,Iin
ሻ,Iin
ሼ,Ibin
ሽ,Iin
ሾ,Iin
ሿ,AIain
ቀ,Iilo
ቁ,Iilo
ቂ,Iilo
ቃ,Jjo
ቄ,Ibilo
ቅ,Iilo
ቆ,Iilo
ቇ,Iilo
ቈ,IPbilop
ቊ,Iilo
ቋ,Iilo
ቌ,BIbilo
ቍ,Iilo
ቐ,Tlot
ቑ,Tlot
ቒ,ETelot
ቓ,Jjo
ቔ,Tblot
ቕ,Tot
ቖ,ilo
ቘ,Tlot
ቚ,Tlot
ቛ,Iilo
ቜ,Tblot
ቝ,Tlot
በ,n
ቡ,n
ቢ,n
ባ,ln
ቤ,bn
ብ,n
ቦ,n
ቧ,0ACIacin
ቨ,n
ቩ,n
ቪ,n
ቫ,n
ቬ,bn
ቭ,n
ቮ,n
ቯ,ACOacno
ተ,Iilt
ቱ,ITilt
ቲ,ITilt
ታ,Jjt
ቴ,bt
ት,Iilt
ቶ,it
ቷ,HIThilt
ቸ,Tt
ቹ,Ee
ቺ,EITeilt
ቻ,Jfj
ቼ,bt
ች,Tt
ቾ,i
ቿ,HITehilt
ኀ,i
ኁ,i
ኂ,i
ኃ,Jj
ኄ,b
ኅ,in
ኆ,Gg
ኇ,Gg
ኈ,Ibil
ኊ,Hhi
ኋ,i
ኌ,bi
ኍ,iu
ነ,bils
ኑ,hil
ኒ,il
ና,Gg
ኔ,b
ን,i
ኖ,Gg
ኗ,CGITcgit
ኘ,Tt
ኙ,Tt
ኚ,Ii
ኛ,GTgt
ኜ,Tbt
ኝ,Tbt
ኞ,GTgt
ኟ,CGITcgit
አ,hn
ኡ,hn
ኢ,hn
ኣ,hn
ኤ,bhn
እ,hny
ኦ,hn
ኧ,KTYhknty
ከ,hn
ኩ,hn
ኪ,hn
ካ,hn
ኬ,bhn
ክ,hn
ኮ,hn
ኯ,hn
ኰ,hno
ኲ,hn
ኳ,no
ኴ,bno
ኵ,n
ኸ,Thnt
ኹ,Thnt
ኺ,Thnt
ኻ,Tnt
ኼ,Tbhnt
ኽ,Thnt
ኾ,Thnt
ዀ,Thnot
ዂ,Thnt
ዃ,Tnot
ዄ,Tbnot
ዅ,Thnt
ወ,Ddop
ዉ,Ddo
ዊ,pq
ዋ,pq
ዌ,Bbpq
ው,Ddo
ዎ,jpq
ዏ,Bbjpq
ዐ,ouvዐ
ዑ,ouv
ዒ,cioq
ዓ,ioq
ዔ,boq
ዕ,do
ዖ,jop
ዘ,Hh
ዙ,Hh
ዚ,Hh
ዛ,Hh
ዜ,Hbh
ዝ,Hh
ዞ,Hh
ዟ,HILhil
ዠ,Hfh
ዡ,FHfh
ዢ,CHch
ዣ,Hfh
ዤ,Hbh
ዥ,HTfht
ዦ,Hfh
ዧ,HIfhil
የ,Peiopq
ዩ,p
ዪ,hnpr
ያ,p
ዬ,hp
ይ,e
ዮ,p
ዯ,Pop
ደ,e
ዱ,eh
ዲ,eh
ዳ,ehio
ዴ,Lel
ድ,e
ዶ,ep
ዷ,ceio
ዸ,eip
ዹ,ehip
ዺ,ehip
ዻ,ehi
ዼ,eip
ዽ,eip
ዾ,ep
ዿ,ehi
ጀ,Iei
ጁ,Iei
ጂ,Iei
ጃ,Tet
ጄ,Iei
ጅ,EIei
ጆ,Iei
ጇ,ITeiot
ገ,in
ጉ,in
ጊ,inz
ጋ,DIcdeijo
ጌ,bn
ግ,Iiln
ጎ,in
ጏ,in
ጐ,Iilno
ጒ,HILhiln
ጓ,Bbhn
ጔ,bn
ጕ,iky
ጘ,in
ጙ,in
ጚ,in
ጛ,co
ጜ,bn
ጝ,n
ጞ,in
ጟ,Iin
ጠ,m
ጡ,m
ጢ,m
ጣ,mn
ጤ,bm
ጥ,Tt
ጦ,mn
ጧ,Tmnt
ጨ,bm
ጩ,bm
ጪ,bm
ጫ,bm
ጬ,bm
ጭ,Tbt
ጮ,bm
ጯ,Tbmnt
ጰ,no
ጱ,no
ጲ,no
ጳ,no
ጴ,bno
ጵ,no
ጶ,no
ጷ,no
ጸ,no
ጹ,no
ጺ,no
ጻ,no
ጼ,no
ጽ,no
ጾ,no
ጿ,no
ፀ,ADOado
ፁ,Aao
ፂ,iq
ፃ,ipq
ፄ,bi
ፅ,io
ፆ,ip
ፇ,ip
ፈ,bc
ፉ,ci
ፊ,bco
ፋ,ci
ፌ,bo
ፍ,Ggi
ፎ,CLbcl
ፏ,ITiqt
ፐ,Tt
ፑ,FTft
ፒ,CTct
ፓ,JTjt
ፔ,Tbt
ፕ,Tt
ፖ,JTjt
ፗ,ITilt
ፘ,CTctu
ፙ,oq
ፚ,Cbc
፠,ox
፡,i
።,o
፣,i
፤,i
፥,i
፦,ir
፧,il
፨,o
፩,b
፪,ce
፫,r
፬,o
፭,c
፮,bi
፯,iz
፰,Tt
፱,AUau
፲,i
፳,n
፴,nuv
፵,w
፶,u
፷,i
፸,Cc
፹,n
፺,Bb
፻,p
፼,p
ᎀ,o
ᎁ,q
ᎂ,bq
ᎃ,oq
ᎄ,n
ᎅ,n
ᎆ,bn
ᎇ,n
ᎈ,bo
ᎉ,Hbch
ᎊ,bo
ᎋ,Gg
ᎌ,FTft
ᎍ,FTft
ᎎ,Tbt
ᎏ,FTfot
᎑,u
᎒,il
᎓,i
᎔,n
᎕,j
᎖,j
᎘,u
᎙,Ii
Ꭰ,dᎠꭰ
Ꭱ,rᎡꭱ
Ꭲ,tᎢꭲ
Ꭳ,ꭳ
Ꭴ,ꭴ
Ꭵ,iᎥꭵ
Ꭶ,ꭶ
Ꭷ,ꭷ
Ꭸ,ꭸ
Ꭹ,yᎩꭹ
Ꭺ,aᎪꭺ
Ꭻ,jᎫꭻ
Ꭼ,eᎬꭼ
Ꭽ,ꭽ
Ꭾ,pꭾ
Ꭿ,ꭿ
Ꮀ,ꮀ
Ꮁ,Iiꮁ
Ꮂ,ꮂ
Ꮃ,wᎳꮃ
Ꮄ,ꮄ
Ꮅ,ꮅ
Ꮆ,ꮆ
Ꮇ,mᎷꮇ
Ꮈ,ꮈ
Ꮉ,ꮉ
Ꮊ,ꮊ
Ꮋ,hᎻꮋ
Ꮌ,ꮌ
Ꮍ,yᎽꮍ
Ꮎ,ꮎ
Ꮏ,ꮏ
Ꮐ,gᏀꮐ
Ꮑ,ꮑ
Ꮒ,hᏂꮒ
Ꮓ,zᏃꮓ
Ꮔ,ꮔ
Ꮕ,ꮕ
Ꮖ,ꮖ
Ꮗ,ꮗ
Ꮘ,ꮘ
Ꮙ,ꮙ
Ꮚ,ꮚ
Ꮛ,ꮛ
Ꮜ,ꮜ
Ꮝ,ꮝ
Ꮞ,4IaiᏎꮞ
Ꮟ,bᏏꮟ
Ꮠ,ꮠ
Ꮡ,ꮡ
Ꮢ,rᏒꮢ
Ꮣ,ꮣ
Ꮤ,wᏔꮤ
Ꮥ,sᏕꮥ
Ꮦ,Tbotꮦ
Ꮧ,Iilꮧ
Ꮨ,ꮨ
Ꮩ,vᏙꮩ
Ꮪ,sᏚꮪ
Ꮫ,ꮫ
Ꮬ,ꮬ
Ꮭ,ꮭ
Ꮮ,lᏞꮮ
Ꮯ,cᏟꮯ
Ꮰ,ꮰ
Ꮱ,ꮱ
Ꮲ,pᏢꮲ
Ꮳ,ꮳ
Ꮴ,ꮴ
Ꮵ,ꮵ
Ꮶ,kᏦꮶ
Ꮷ,dᏧꮷ
Ꮸ,ꮸ
Ꮹ,ꮹ
Ꮺ,uꮺ
Ꮻ,oꮻ
Ꮼ,ꮼ
Ꮽ,eoꮽ
Ꮾ,6boᏮꮾ
Ꮿ,ꮿ
Ᏸ,ᏸ
Ᏹ,ᏹ
Ᏺ,ᏺ
Ᏻ,gᏳᏻ
Ᏼ,bᏴᏼ
Ᏽ,ᏽ
ᏸ,Bb
ᏼ,Bb
ᐃ,o
ᐘ,Ddov
ᐯ,vᐯ
ᐹ,v
ᐽ,Aa
ᑋ,h
ᑌ,uᑌ
ᑕ,Cc
ᑖ,Cc
ᑞ,co
ᑡ,Cc
ᑢ,Cc
ᑣ,Cc
ᑤ,Cc
ᑥ,Cc
ᑦ,Cc
ᑧ,Uu
ᑨ,Nn
ᑩ,cu
ᑪ,Cc
ᑫ,q
ᑬ,p
ᑭ,pᑭ
ᑮ,p
ᑯ,dᑯ
ᑰ,d
ᑱ,d
ᑲ,bᑲ
ᑳ,b
ᑴ,q
ᑵ,q
ᑶ,p
ᑷ,p
ᑸ,p
ᑹ,p
ᑺ,d
ᑻ,d
ᑼ,d
ᑽ,d
ᑾ,b
ᑿ,b
ᒀ,b
ᒁ,b
ᒂ,b
ᒆ,p
ᒌ,n
ᒍ,jᒍ
ᒎ,Jj
ᒏ,Jj
ᒑ,Jj
ᒛ,ij
ᒝ,lu
ᒠ,Jjlu
ᒥ,r
ᒦ,r
ᒪ,Llᒪ
ᒫ,Ll
ᒳ,Ll
ᒵ,JLijl
ᒿ,2ᒿ
ᓃ,bo
ᓎ,bop
ᓕ,Jjl
ᓪ,Jj
ᓬ,Ee
ᔆ,Ss
ᔕ,Ss
ᔘ,Sls
ᔠ,Ss
ᔤ,Ss
ᔮ,Lbil
ᕁ,xᕁ
ᕒ,EWew
ᕕ,Aav
ᕪ,ce
ᕼ,hᕼ
ᕽ,Xxᕽ
ᖃ,bo
ᖇ,rᖇ
ᖈ,Rr
ᖓ,Jjl
ᖘ,p
ᖯ,bᖯ
ᖴ,fᖴ
ᖼ,Iiv
ᖾ,Ii
ᗄ,AVav
ᗅ,Aaᗅ
ᗈ,Aav
ᗉ,c
ᗋ,Aa
ᗕ,c
ᗖ,AVav
ᗛ,Eev
ᗞ,dᗞ
ᗡ,Dd
ᗪ,Ddᗪ
ᗫ,Dd
ᗯ,Ww
ᗰ,Mmᗰ
ᗱ,Ee
ᗲ,Ee
ᗳ,Ee
ᗴ,Ee
ᗵ,w
ᗷ,bᗷ
ᗾ,BEbe
ᗿ,BEbe
ᘀ,BEbe
ᘆ,Jcjl
ᘈ,uw
ᘉ,Iilm
ᘏ,en
ᘣ,bcno
ᘧ,bco
ᘺ,uw
ᘻ,m
ᙀ,Uu
ᙃ,Dd
ᙅ,Cc
ᙆ,Zz
ᙎ,Ww
ᙏ,Mm
ᙒ,BDbdw
ᙔ,Ww
ᙕ,Mm
ᙖ,Bb
ᙗ,Bb
ᙘ,Bb
ᙙ,Bb
ᙛ,Ww
ᙜ,Mm
ᙧ,Ww
ᙨ,Mm
ᙩ,Bb
ᙪ,Bb
ᙫ,Bb
ᙬ,Bb
᙭,Xx᙭
᙮,x᙮
ᙯ,q
ᙵ,l
ᙶ,i
ᚮ,Ii
ᚲ,c
ᚳ,Ii
ᚵ,IYiy
ᚷ,xᚷ
ᛁ,lᛁ
ᛇ,Ii
ᛓ,Ii
ᛕ,kᛕ
ᛖ,mᛖ
ᛙ,Ii
ᛡ,Iix
ᜠ,v
ᜣ, p
ᜩ,Vkv
ᜫ,x
ᜱ,UVuv
ᝋ,Aao
ᝐ,Ii
ᝦ,JTjt
ᝨ,ITit
ᝯ,co
ក,n
ខ,cos
គ,an
ឃ,uw
ង,ow
ច,osu
ឆ,cino
ជ,uw
ឈ,nuw
ញ,mn
ដ,uw
ឋ,u
ឌ,cos
ឍ,ilmn
ណ,mnw
ត,n
ថ,cou
ទ,co
ធ,uw
ន,cos
ប,u
ផ,uw
ព,mn
ភ,n
ម,au
យ,uw
រ,ils
ល,nsu
វ,ils
ស,nsu
ហ,nsu
ឡ,cgil
អ,hil
ឥ,n
ឦ,iln
ឧ,cos
ឨ,Ss
ឩ,cos
ឪ,cos
ឫ,uy
ឬ,u
ឭ,mn
ឮ,mn
ឯ,nw
ឰ,mn
ឱ,cs
ឲ,co
។,il
៕,il
ៗ,cijlo
᠐,o
ᠼ,Tt
ᡏ,Iio
ᡗ,n
ᡘ,n
ᡙ,mu
ᢋ,Tt
ᢍ,Bbuv
ᢗ,c
ᢳ,o
ᢶ,v
ᢸ,bo
ᣎ,u
ᣐ,bn
ᣑ,cop
ᣩ,Rr
ᣪ,pq
ᤃ,oy
ᤉ,Ee
ᤎ,BEbeo
ᤝ,hn
ᥑ,a
ᥒ,n
ᥠ,ad
ᥭ,Dcdu
ᥴ,c
ᦎ,o
ᦒ,ow
ᦸ,eo
ᨃ,Ff
ᨄ,Pp
ᨻ,mo
ᬌ,pu
ᬏ,n
ᬥ,uw
ᭈ,uy
ᮃ,Bbo
ᮎ,u
ᮖ,u
ᮘ,DOdo
ᯉ,o
ᯊ,y
ᯖ,x
ᯜ,Ss
ᯡ,o
ᯢ,Ii
ᰀ,BEbe
ᰜ,Sos
ᰟ,o
᱑,Iil
᱒,Scs
᱓,Cce
᱔,CGcg
᱕,Icil
᱖,Cce
᱗,Scs
᱘,Cce
᱙,CGcg
ᱚ,CDcdeo
ᱛ,Oo
ᱜ,CEOceo
ᱝ,CEKOceko
ᱞ,Icilopq
ᱟ,CDcdeo
ᱠ,bo
ᱡ,",DNOUdnou"
ᱢ,DNOUdnou
ᱣ,DIcdilou
ᱤ,AIailv
ᱥ,KUYckuvy
ᱦ,OUouw
ᱧ,Icilopq
ᱨ,CDIOcdilo
ᱩ,9bc
ᱪ,no
ᱬ,CMOcmo
ᱭ,cno
ᱮ,Scos
ᱯ,Ono
ᱰ,IOilo
ᱱ,CKYcky
ᱲ,CKOcko
ᱳ,COco
ᱴ,Iilno
ᱵ,IOilo
ᱶ,ciou
ᱷ,ouw
ᱽ,Ieilo
᱾,Iil
᱿,Iil
Ა,ა
Ბ,ბ
Გ,გ
Დ,დ
Ე,ე
Ვ,ვ
Ზ,ზ
Თ,თ
Ი,Nnuი
Კ,Bbuკ
Ლ,ლ
Მ,მ
Ნ,boნ
Ო,ო
Პ,პ
Ჟ,Jjჟ
Რ,mრ
Ს,ს
Ტ,ტ
Უ,უ
Ფ,ფ
Ქ,coქ
Ღ,ღ
Ყ,ყ
Შ,acoშ
Ჩ,ჩ
Ც,ც
Ძ,ძ
Წ,წ
Ჭ,ჭ
Ხ,ხ
Ჯ,Jjჯ
Ჰ,ჰ
Ჱ,Bbჱ
Ჲ,ჲ
Ჳ,ჳ
Ჴ,ჴ
Ჵ,ჵ
Ჶ,ჶ
Ჷ,ჷ
Ჸ,ჸ
Ჹ,oჹ
Ჺ,ჺ
Ჽ,Ssჽ
Ჾ,ჾ
Ჿ,ჿ
ᳬ,u
ᴀ,Aa
ᴂ,ae
ᴃ,Bb
ᴄ,Ccᴄ
ᴅ,Dd
ᴇ,Ee
ᴉ,Ii
ᴊ,Jj
ᴋ,Kk
ᴌ,Ll
ᴍ,Mm
ᴎ,Nn
ᴏ,Ooᴏ
ᴐ,o
ᴑ,oᴑ
ᴒ,o
ᴓ,o
ᴘ,Pp
ᴙ,Rr
ᴛ,Tt
ᴜ,Uuᴜ
ᴝ,nu
ᴠ,Vvᴠ
ᴡ,Wwᴡ
ᴢ,Zzᴢ
ᴤ,Scs
ᴦ,rᴦ
ᴬ,Aa
ᴮ,Bb
ᴰ,Dd
ᴱ,Ee
ᴳ,Gg
ᴴ,Hh
ᴵ,Ii
ᴶ,Jj
ᴷ,Kk
ᴸ,Ll
ᴹ,Mm
ᴺ,Nn
ᴼ,Oo
ᴽ,o
ᴾ,Pp
ᴿ,Rr
ᵀ,Tt
ᵁ,Uu
ᵂ,Ww
ᵃ,a
ᵇ,b
ᵈ,d
ᵉ,e
ᵍ,g
ᵏ,k
ᵐ,m
ᵒ,o
ᵓ,cou
ᵖ,p
ᵗ,t
ᵘ,u
ᵛ,v
ᵝ,Bb
ᵢ,i
ᵣ,r
ᵤ,u
ᵥ,v
ᵦ,b
ᵧ,y
ᵨ,p
ᵫ,eu
ᵬ,b
ᵭ,d
ᵮ,f
ᵯ,m
ᵰ,n
ᵱ,p
ᵲ,f
ᵳ,f
ᵴ,s
ᵵ,t
ᵶ,z
ᵷ,g
ᶀ,b
ᶁ,d
ᶂ,f
ᶃ,gᶃ
ᶄ,k
ᶅ,bil
ᶆ,m
ᶇ,n
ᶈ,p
ᶉ,r
ᶊ,s
ᶋ,fl
ᶌ,vyᶌ
ᶍ,x
ᶎ,z
ᶏ,a
ᶐ,Dadoq
ᶑ,d
ᶒ,e
ᶓ,Ee
ᶔ,e
ᶕ,e
ᶖ,i
ᶗ,op
ᶘ,fil
ᶙ,u
ᶚ,Bb
ᶛ,o
ᶜ,c
ᶝ,c
ᶞ,o
ᶟ,e
ᶠ,f
ᶡ,ij
ᶢ,g
ᶣ,u
ᶤ,i
ᶥ,il
ᶦ,Ii
ᶧ,EIei
ᶨ,ij
ᶩ,il
ᶪ,bil
ᶫ,Lil
ᶬ,m
ᶭ,Iiuw
ᶮ,n
ᶯ,n
ᶰ,Nn
ᶱ,eo
ᶲ,IOio
ᶳ,e
ᶴ,ISfils
ᶵ,bct
ᶶ,u
ᶷ,ou
ᶸ,uv
ᶹ,uv
ᶺ,n
ᶻ,z
ᶼ,z
ᶽ,z
ᶾ,e
ᶿ,eo
Ḁ,ḁ
Ḃ,ḃ
Ḅ,ḅ
Ḇ,ḇ
Ḉ,ḉ
Ḋ,ḋ
Ḍ,ḍ
Ḏ,ḏ
Ḑ,ḑ
Ḓ,ḓ
Ḕ,ḕ
Ḗ,ḗ
Ḙ,ḙ
Ḛ,ḛ
Ḝ,ḝ
Ḟ,ḟ
Ḡ,ḡ
Ḣ,ḣ
Ḥ,ḥ
Ḧ,ḧ
Ḩ,ḩ
Ḫ,ḫ
Ḭ,ḭ
Ḯ,ḯ
Ḱ,ḱ
Ḳ,ḳ
Ḵ,ḵ
Ḷ,ḷ
Ḹ,ḹ
Ḻ,ḻ
Ḽ,ḽ
Ḿ,ḿ
Ṁ,ṁ
Ṃ,ṃ
Ṅ,ṅ
Ṇ,ṇ
Ṉ,ṉ
Ṋ,ṋ
Ṍ,ṍ
Ṏ,ṏ
Ṑ,ṑ
Ṓ,ṓ
Ṕ,ṕ
Ṗ,ṗ
Ṙ,ṙ
Ṛ,ṛ
Ṝ,ṝ
Ṟ,ṟ
Ṡ,ṡ
Ṣ,ṣ
Ṥ,ṥ
Ṧ,ṧ
Ṩ,ṩ
Ṫ,ṫ
Ṭ,ṭ
Ṯ,ṯ
Ṱ,ṱ
Ṳ,ṳ
Ṵ,ṵ
Ṷ,ṷ
Ṹ,ṹ
Ṻ,ṻ
Ṽ,ṽ
Ṿ,ṿ
Ẁ,ẁ
Ẃ,ẃ
Ẅ,ẅ
Ẇ,ẇ
Ẉ,ẉ
Ẋ,ẋ
Ẍ,ẍ
Ẏ,ẏ
Ẑ,ẑ
Ẓ,ẓ
Ẕ,ẕ
ẝ,fẝ
ẞ,Bbß
Ạ,ạ
Ả,ả
Ấ,ấ
Ầ,ầ
Ẩ,ẩ
Ẫ,ẫ
Ậ,ậ
Ắ,ắ
Ằ,ằ
Ẳ,ẳ
Ẵ,ẵ
Ặ,ặ
Ẹ,ẹ
Ẻ,ẻ
Ẽ,ẽ
Ế,ế
Ề,ề
Ể,ể
Ễ,ễ
Ệ,ệ
Ỉ,ỉ
Ị,ị
Ọ,ọ
Ỏ,ỏ
Ố,ố
Ồ,ồ
Ổ,ổ
Ỗ,ỗ
Ộ,ộ
Ớ,ớ
Ờ,ờ
Ở,ở
Ỡ,ỡ
Ợ,ợ
Ụ,ụ
Ủ,ủ
Ứ,ứ
Ừ,ừ
Ử,ử
Ữ,ữ
Ự,ự
Ỳ,ỳ
Ỵ,ỵ
Ỷ,ỷ
Ỹ,ỹ
Ỻ,ỻ
Ỽ,ỽ
Ỿ,ỿ
ỿ,yỿ
Ἀ,ἀ
Ἁ,ἁ
Ἂ,ἂ
Ἃ,ἃ
Ἄ,ἄ
Ἅ,ἅ
Ἆ,ἆ
Ἇ,ἇ
Ἐ,ἐ
Ἑ,ἑ
Ἒ,ἒ
Ἓ,ἓ
Ἔ,ἔ
Ἕ,ἕ
Ἠ,ἠ
Ἡ,ἡ
Ἢ,ἢ
Ἣ,ἣ
Ἤ,ἤ
Ἥ,ἥ
Ἦ,ἦ
Ἧ,ἧ
Ἰ,ἰ
Ἱ,ἱ
Ἲ,ἲ
Ἳ,ἳ
Ἴ,ἴ
Ἵ,ἵ
Ἶ,ἶ
Ἷ,ἷ
Ὀ,ὀ
Ὁ,ὁ
Ὂ,ὂ
Ὃ,ὃ
Ὄ,ὄ
Ὅ,ὅ
Ὑ,ὑ
Ὓ,ὓ
Ὕ,ὕ
Ὗ,ὗ
Ὠ,ὠ
Ὡ,ὡ
Ὢ,ὢ
Ὣ,ὣ
Ὤ,ὤ
Ὥ,ὥ
Ὦ,ὦ
Ὧ,ὧ
ᾈ,ᾀ
ᾉ,ᾁ
ᾊ,ᾂ
ᾋ,ᾃ
ᾌ,ᾄ
ᾍ,ᾅ
ᾎ,ᾆ
ᾏ,ᾇ
ᾘ,ᾐ
ᾙ,ᾑ
ᾚ,ᾒ
ᾛ,ᾓ
ᾜ,ᾔ
ᾝ,ᾕ
ᾞ,ᾖ
ᾟ,ᾗ
ᾨ,ᾠ
ᾩ,ᾡ
ᾪ,ᾢ
ᾫ,ᾣ
ᾬ,ᾤ
ᾭ,ᾥ
ᾮ,ᾦ
ᾯ,ᾧ
Ᾰ,ᾰ
Ᾱ,ᾱ
Ὰ,ὰ
Ά,ά
ᾼ,ᾳ
ι,iι
Ὲ,ὲ
Έ,έ
Ὴ,ὴ
Ή,ή
ῌ,ῃ
Ῐ,ῐ
Ῑ,ῑ
Ὶ,ὶ
Ί,ί
Ῠ,ῠ
Ῡ,ῡ
Ὺ,ὺ
Ύ,ύ
Ῥ,ῥ
Ὸ,ὸ
Ό,ό
Ὼ,ὼ
Ώ,ώ
ῼ,ῳ
‖,il
’,'
†,t
ⁱ,i
ⁿ,n
₂,z
₉,g
ₐ,a
ₑ,e
ₒ,o
ₓ,x
ₕ,h
ₖ,k
ₗ,l
ₘ,m
ₙ,n
ₚ,p
ₛ,s
ₜ,t
₠,CEce
₡,Cc
₢,Ccr
₣,Ff
₤,ELefl
₥,m
₦,Nn
₧,Ppst
₨,Rrs
₩,Ww
₪,Nn
₫,d
€,CEce
₭,Kk
₮,Tt
₯,Ddp
₰,gs
₱,Pp
₲,Gg
₳,Aa
₴,SZsz
₵,Cc
₶,Hhn
₷,Ss
₸,Tt
₹,Rr
₺,Ll
₽,Pp
₿,Bb
ℂ,Ccℂ
℃,c
℄,c
ℇ,e
℉,f
ℊ,gℊ
ℋ,hℋ
ℌ,Hhℌ
ℍ,Hhℍ
ℎ,hℎ
ℏ,h
ℐ,jlℐ
ℑ,Iijlℑ
ℒ,lℒ
ℓ,lℓ
℔,b
ℕ,Nnℕ
№,n
℗,p
℘,p
ℙ,Ppℙ
ℚ,Qqℚ
ℛ,rℛ
ℜ,Rrℜ
ℝ,Rrℝ
℟,r
℣,v
ℤ,Zzℤ
Ω,ω
℧,o
ℨ,Zzℨ
℩,i
K,kK
Å,å
ℬ,bℬ
ℭ,Ccℭ
℮,e℮
ℯ,eℯ
ℰ,eℰ
ℱ,fℱ
Ⅎ,Ffⅎ
ℳ,mℳ
ℴ,oℴ
ℵ,n
ℹ,iℹ
℺,o
ℼ,n
ℽ,vyℽ
ℿ,n
⅀,e
⅁,Gg
⅂,Ll
⅃,Ll
⅄,Yly
ⅅ,dⅅ
ⅆ,dⅆ
ⅇ,eⅇ
ⅈ,iⅈ
ⅉ,ijⅉ
Ⅰ,IilⅠⅰ
Ⅱ,ⅱ
Ⅲ,ⅲ
Ⅳ,IVivⅳ
Ⅴ,vⅤⅴ
Ⅵ,ⅵ
Ⅶ,ⅶ
Ⅷ,ⅷ
Ⅸ,ⅸ
Ⅹ,xⅩⅹ
Ⅺ,IXixⅺ
Ⅻ,ⅻ
Ⅼ,lⅬⅼ
Ⅽ,cⅭⅽ
Ⅾ,dⅮⅾ
Ⅿ,mⅯⅿ
ⅰ,iⅰ
ⅴ,vⅴ
ⅸ,ix
ⅹ,xⅹ
ⅼ,lⅼ
ⅽ,cⅽ
ⅾ,dⅾ
Ↄ,ↄ
∀,AVav
∁,Cc
∂,e
∃,Eabe
∅,o
∆,Aa
∈,CEce
∊,Ece
∋,Ee
∍,Ee
∎,o
∏,Nn
∐,Uu
∑,Ee
∔,t
∕,il
∖,il
∗,o
∘,o
√,Vv
∛,v
∜,v
∝,co
∞,o
∟,Ll
∠,c
∡,Cc
∢,Cc
∣,il∣
∥,il
∧,n
∨,uv∨
∩,n
∪,uv∪
∫,fil
∬,fil
∭,fil
∮,fil
∯,fil
∰,fil
∱,fil
∲,fil
∳,fil
∴,n
∵,uv
∶,il
∺,Hh
∻,t
∾,Nn
∿,Nn
≀,l
≅,Ee
≊,Ee
≋,Ee
≌,Ee
≎,o
≏,o
≑,t
≖,o
≗,o
≘,n
≙,Aan
≚,uv
≜,Aan
≝,def
≞,m
≡,Ee
≣,Ee
≤,Ece
≥,Ece
≦,Ece
≧,Ece
≨,Ece
≩,Ece
≪,c
≫,c
≬,o
≲,c
≳,c
≶,c
≷,c
≺,c
≻,c
≼,Ece
≽,Ece
≾,Ece
≿,Ece
⊂,c
⊃,c
⊆,c
⊇,Ece
⊊,c
⊋,c
⊌,Uu
⊍,Uu
⊎,Uu
⊏,c
⊐,c
⊑,c
⊒,c
⊓,Nn
⊔,Uu
⊕,ot
⊖,o
⊗,ox
⊘,o
⊙,o
⊚,o
⊛,o
⊜,o
⊝,o
⊞,ot
⊟,o
⊠,ox
⊡,o
⊢,ilt
⊣,ilt
⊤,Tilt⊤
⊥,Tilt
⊦,il
⊧,cil
⊨,c
⊩,Hh
⊪,Hh
⊫,Hch
⊰,c
⊱,Ee
⊲,c
⊳,c
⊴,ce
⊵,ce
⊶,o
⊷,o
⊸,o
⊹,t
⊺,Tilt
⊻,v
⊼,n
⊽,v
⊾,o
⊿,o
⋀,Nn
⋁,UVuv⋁
⋂,Nn
⋃,Uu⋃
⋄,o
⋆,o
⋇,OXox
⋈,Xx
⋉,CXcx
⋊,Xx
⋋,n
⋌,Ccn
⋎,uv
⋏,n
⋐,c
⋑,c
⋒,n
⋓,u
⋔,hn
⋕,Hh
⋖,c
⋗,c
⋘,c
⋙,c
⋚,ESces
⋛,Ece
⋜,Ece
⋝,Ece
⋞,Ece
⋤,Ece
⋥,Ece
⋦,Ece
⋧,Ece
⋨,Ece
⋩,Ece
⋮,il
⋲,Ee
⋳,Ee
⋴,Ee
⋵,Ee
⋶,Ee
⋷,Ee
⋸,Ee
⋹,Ee
⋺,Ee
⋻,Ee
⋼,Ee
⋽,Ee
⋾,Ee
⋿,Ee⋿
⌀,Oo
⌂,Aa
⌃,n
⌄,uv
⌅,n
⌆,n
⌇,l
⌈,il
⌉,il
⌊,il
⌋,il
⌐,r
⌑,Oo
⌒,n
⌓,no
⌕,o
⌖,o
⌗,Hh
⌘,Hh
⌫,Xx
⌭,Hho
⌮,o
⌴,Uu
⌵,UVuv
⌶,Ii
⌹,t
⌺,o
⌻,o
⌼,Oo
⌽,LOlo
⌾,Oo
⌿,Llt
⍃,c
⍄,c
⍅,lt
⍆,lt
⍉,Oo
⍊,il
⍋,Aa
⍌,Vv
⍍,Aa
⍎,lo
⍏,t
⍐,ilt
⍑,Tt
⍒,Aal
⍓,Aan
⍔,Vv
⍕,Tt
⍖,t
⍗,il
⍘,i
⍙,Aao
⍚,o
⍛,o
⍜,Oo
⍝,ANan
⍟,Oo
⍡,Tt
⍢,o
⍤,o
⍥,Oo
⍦,w
⍧,Ccil
⍫,Aa
⍬,Oo
⍭,Llt
⍱,AVav
⍲,Aan
⍳,il⍳
⍴,p⍴
⍵,w
⍶,a
⍷,Ee
⍸,il
⍹,w
⍺,a⍺
⍼,Ll
⍽,u
⍾,n
⍿,lo
⎀,av
⎁,a
⎂,a
⎃,a
⎄,DOdo
⎅,o
⎈,o
⎉,o
⎊,o
⎋,o
⎍,n
⎎,f
⎏,o
⎐,o
⎑,o
⎒,p
⎔,Oo
⎕,Oo
⎛,il
⎜,il
⎝,il
⎞,il
⎟,il
⎠,ijl
⎡,il
⎢,il
⎣,il
⎤,il
⎥,il
⎦,ijl
⎧,il
⎨,il
⎩,il
⎪,il
⎫,il
⎬,il
⎭,ijl
⎮,il
⎰,fil
⎱,il
⎲,c
⎳,c
⎴,n
⎵,u
⎶,h
⎷,v
⎸,il
⎹,il
⎾,il
⎿,Lil
⏀,IOio
⏁,OTot
⏂,Oo
⏃,AIail
⏄,ATat
⏅,Aa
⏆,Iilt
⏇,FTft
⏈,t
⏉,Tt
⏊,Lil
⏋,Lil
⏌,Jijl
⏍,Oo
⏏,Aa
⏐,il
⏑,u
⏒,ou
⏓,u
⏔,w
⏕,w
⏖,w
⏘,u
⏙,w
⏜,n
⏝,u
⏞,mn
⏟,uw
⏠,n
⏡,u
⏣,Oo
⏥,Oo
⏰,Oo
⏱,Oo
⏲,Oo
⏳,Hh
⏴,Cc
⏵,Dd
⏶,n
⏷,u
⏸,ILil
⏺,Oo
⏻,Oilo
⏼,Oilo
⏽,ILil⏽
⏾,Cc
⏿,COco
⒜,a
⒝,b
⒞,c
⒟,d
⒠,e
⒡,f
⒢,g
⒣,h
⒤,i
⒥,j
⒦,k
⒧,l
⒨,m
⒩,n
⒪,o
⒫,p
⒬,q
⒭,r
⒮,s
⒯,t
⒰,u
⒱,v
⒲,w
⒳,x
⒴,y
⒵,z
Ⓐ,Aaⓐ
Ⓑ,Bbⓑ
Ⓒ,Ccⓒ
Ⓓ,Ddⓓ
Ⓔ,Eeⓔ
Ⓕ,Ffⓕ
Ⓖ,Ggⓖ
Ⓗ,Hhⓗ
Ⓘ,Iiⓘ
Ⓙ,Jjⓙ
Ⓚ,Kkⓚ
Ⓛ,Llⓛ
Ⓜ,Mmⓜ
Ⓝ,Nnⓝ
Ⓞ,Ooⓞ
Ⓟ,Ppⓟ
Ⓠ,Qqⓠ
Ⓡ,Rrⓡ
Ⓢ,Ssⓢ
Ⓣ,Ttⓣ
Ⓤ,Uuⓤ
Ⓥ,Vvⓥ
Ⓦ,Wwⓦ
Ⓧ,Xxⓧ
Ⓨ,Yyⓨ
Ⓩ,Zzⓩ
ⓐ,a
ⓑ,b
ⓒ,c
ⓓ,d
ⓔ,e
ⓕ,f
ⓖ,g
ⓗ,h
ⓘ,i
ⓙ,j
ⓚ,k
ⓛ,l
ⓜ,m
ⓝ,n
ⓞ,o
ⓟ,p
ⓠ,q
ⓡ,r
ⓢ,s
ⓣ,t
ⓤ,u
ⓥ,v
ⓦ,w
ⓧ,x
ⓨ,y
ⓩ,z
│,il
╳,x╳
▢,Oo
◉,Oo
○,Oo
◌,Oo
◍,Oo
◎,Oo
◦,o
◯,Oo
◴,Oo
◵,Oo
◶,Oo
◷,Oo
◻,Oo
♍,m
♎,no
♏,m
⛎,Uu
❗,il
⟙,t⟙
⠇,Iil
⠏,ILil
⠓,Ll
⠛,o
⠜,Jj
⠝,Jj
⠟,Pp
⠣,l
⠦,Ll
⠧,Ll
⠪,Cc
⠯,Cc
⠶,o
⠷,b
⠸,ILil
⠻,q
⠼,Ll
⠽,Cc
⠾,b
⡅,i
⡆,Ii
⡇,ILil
⡟,Pp
⡪,Ss
⡫,Ss
⡯,Ff
⡱,CDcd
⡷,Dd
⡸,Jj
⡹,Jj
⡺,t
⢗,t
⢨,i
⢸,ILil
⢻,q
⢽,Ff
⢾,Dd
⣇,Ll
⣏,Cc
⣒,o
⣖,c
⣗,t
⣤,o
⣪,Ss
⣫,Ss
⣲,c
⣸,Ll
⣹,Cc
⣺,t
⣼,b
⤫,x⤫
⤬,x⤬
⨯,x⨯
⭞,Cc
Ⰰ,ⰰ
Ⰱ,ⰱ
Ⰲ,ⰲ
Ⰳ,Vovⰳ
Ⰴ,ⰴ
Ⰵ,ⰵ
Ⰶ,ⰶ
Ⰷ,ⰷ
Ⰸ,ⰸ
Ⰹ,ⰹ
Ⰺ,ⰺ
Ⰻ,ⰻ
Ⰼ,ⰼ
Ⰽ,ⰽ
Ⰾ,ⰾ
Ⰿ,ⰿ
Ⱀ,ⱀ
Ⱁ,ⱁ
Ⱂ,ⱂ
Ⱃ,boⱃ
Ⱄ,ⱄ
Ⱅ,ⱅ
Ⱆ,ⱆ
Ⱇ,ⱇ
Ⱈ,bⱈ
Ⱉ,ⱉ
Ⱊ,ⱊ
Ⱋ,ⱋ
Ⱌ,ⱌ
Ⱍ,ⱍ
Ⱎ,wⱎ
Ⱏ,ⱏ
Ⱐ,ⱐ
Ⱑ,ⱑ
Ⱒ,Ooⱒ
Ⱓ,ⱓ
Ⱔ,ⱔ
Ⱕ,ⱕ
Ⱖ,ⱖ
Ⱗ,ⱗ
Ⱘ,CEceⱘ
Ⱙ,ⱙ
Ⱚ,ⱚ
Ⱛ,ⱛ
Ⱜ,ⱜ
Ⱝ,DIdiⱝ
Ⱞ,ⱞ
Ⱟ,ⱟ
ⱊ,n
ⱚ,o
ⱟ,Oo
Ⱡ,Lilⱡ
ⱡ,Iil
Ɫ,Llɫ
Ᵽ,Ppᵽ
Ɽ,Rrɽ
ⱥ,a
ⱦ,i
Ⱨ,Hhⱨ
ⱨ,h
Ⱪ,Kkⱪ
ⱪ,k
Ⱬ,Zzⱬ
ⱬ,z
Ɑ,AOaoɑ
Ɱ,Mmɱ
Ɐ,AVavɐ
Ɒ,Ddɒ
ⱱ,v
Ⱳ,Wwⱳ
ⱳ,w
ⱴ,v
Ⱶ,Iitⱶ
ⱶ,it
ⱷ,w
ⱸ,e
ⱹ,Lil
ⱺ,o
ⱻ,Ee
ⱼ,j
ⱽ,Vv
Ȿ,Ssȿ
Ɀ,Zzɀ
Ⲁ,Aaⲁ
Ⲃ,Bbⲃ
Ⲅ,Rrⲅ
ⲅ,rⲅ
Ⲇ,ⲇ
Ⲉ,Eeⲉ
Ⲋ,cⲋ
Ⲍ,Zzⲍ
Ⲏ,HhⲎⲏ
Ⲑ,Ooⲑ
Ⲓ,ilⲒⲓ
Ⲕ,KkⲔⲕ
Ⲗ,ⲗ
Ⲙ,MmⲘⲙ
Ⲛ,NnⲚⲛ
ⲛ,nv
Ⲝ,ⲝ
Ⲟ,OoⲞⲟ
ⲟ,oⲟ
Ⲡ,ⲡ
Ⲣ,pⲢⲣ
ⲣ,pⲣ
Ⲥ,cⲤⲥ
ⲥ,cⲥ
Ⲧ,tⲦⲧ
ⲧ,Tt
Ⲩ,yⲨⲩ
Ⲫ,ⲫ
ⲫ,Iio
Ⲭ,xⲬⲭ
Ⲯ,IYivyⲯ
Ⲱ,ⲱ
ⲱ,Ddow
Ⲳ,ⲳ
Ⲵ,ⲵ
Ⲷ,ⲷ
Ⲹ,ⲹ
Ⲻ,ⲻ
Ⲽ,ⲽ
Ⲿ,ⲿ
Ⳁ,ⳁ
Ⳃ,ⳃ
Ⳅ,ⳅ
Ⳇ,ⳇ
Ⳉ,ⳉ
Ⳋ,9Ⳋⳋ
Ⳍ,3Ⳍⳍ
Ⳏ,ⳏ
Ⳑ,lⳐⳑ
Ⳓ,6Ⳓⳓ
Ⳕ,ⳕ
Ⳗ,ⳗ
Ⳙ,uⳙ
Ⳛ,ⳛ
Ⳝ,ⳝ
Ⳟ,ⳟ
Ⳡ,ⳡ
Ⳣ,ⳣ
ⳤ,Kk
Ⳬ,ⳬ
Ⳮ,ⳮ
ⳮ,Hhx
Ⳳ,ⳳ
ⳳ,BDbdo
ⴚ,n
ⴛ,ch
ⴰ,o
ⴱ,o
ⴳ,x
ⴶ,Ii
ⴷ,a
ⴸ,vⴸ
ⴹ,eⴹ
ⴼ,h
ⴽ,kr
ⵀ,o
ⵅ,x
ⵇ,rz
ⵉ,e
ⵊ,Ii
ⵍ,n
ⵎ,c
ⵏ,ilⵏ
ⵔ,oⵔ
ⵕ,qⵕ
ⵖ,y
ⵙ,o
ⵛ,c
ⵜ,t
ⵝ,xⵝ
ⵡ,Uu
ⵢ,Ss
ⵣ,hmx
ⵦ,cv
ⵯ,u
ⶌ,ceo
ⶰ,Hh
ⶵ,HTht
ⷉ,n
ⷋ,n
ⷎ,n
ⷓ,n
ⷕ,n
⸁,Ff
〇,o〇
「,c
」,i
『,c
』,i
〹,Hh
え,h
く,Vcv
ひ,ou
よ,d
ら,bo
れ,n
ゐ,bo
ん,Hh
ォ,Iit
ケ,Tt
コ,co
ズ,Kk
ハ,Ii
ヘ,Ll
ヶ,Tt
ㄎ,Ss
ㄐ,IYiuy
ㄕ,Pp
ㄨ,x
ㄩ,Uu
ㄮ,c
ㅂ,Aa
ㅊ,t
ㅞ,ITit
ㅟ,Tt
ㅿ,o
ㆤ,t
ㆨ,EXex
ㆿ,o
㞯,OScosw
㠮,Ii
㧄,ILUilu
䆰,co
䋇,Ror
䑩,Aat
䖎,Bb
䘨,x
䡄,n
䢾,Bb
䩕,op
丂,Ss
丈,Xx
丒,x
业,IUiu
乃,Bb
乇,Ee
乙,Zz
亅,IJijl
伬,ORor
佋,AJaj
冗,n
冱,Sos
刀,Nn
匚,Cc
區,Cco
千,EFef
厸,AGabg
听,FTft
囡,ox
堬,Jj
壬,EFTeft
夙,n
姹,Ff
宎,Tt
尺,Rr
巵,e
巾,Topt
归,Ee
征,EFIefi
抠,cx
攻,x
杤,FJfhj
校,x
正,DEde
況,o
炉,Aao
炬,CEceo
牨,n
犴,FTft
瑅,Ee
生,EIei
盻,Ss
笿,Aax
籽,Jjt
紆,FTft
纴,Ee
绯,Ee
罓,x
耓,ITit
肛,Ii
蔀,Bb
蚇,Ror
訊,Aal
跍,Aaot
鿈,Ror
鿽,Oo
ꀂ,Aau
ꀎ,ou
ꀩ,m
ꀯ,c
ꀸ,bcdo
ꁖ,Oo
ꁜ,Cc
ꁥ,Ddoq
ꁭ,Ii
ꁱ,n
ꂚ,Nn
ꂧ,u
ꂬ,Iiow
ꃎ,HIhi
ꃞ,Ff
ꃟ,IYiy
ꃡ,u
ꃩ,Ii
ꃺ,x
ꃼ,u
ꄆ,NXZnxz
ꄇ,Aa
ꄠ,Ii
ꄩ,Ee
ꄭ,Ll
ꅔ,AOaow
ꅧ,o
ꆀ,d
ꆰ,Oo
ꆽ,Jj
ꇋ,Ii
ꈅ,CLcl
ꈚ,Hh
ꈜ,s
ꈫ,x
ꈮ,o
ꈲ,Oo
ꉧ,Cc
ꊁ,Nn
ꊌ,FIZfiz
ꊗ,uw
ꊢ,Oo
ꋁ,Oo
ꋑ,bd
ꋗ,Nn
ꋙ,Xx
ꋡ,Bb
ꋢ,o
ꌙ,Ifi
ꌚ,Ss
ꌠ,HIhi
ꌤ,u
ꌬ,t
ꌻ,Ofo
ꍹ,Ll
ꎇ,ITZitz
ꎜ,Hh
ꎞ,Ede
ꎣ,o
ꎧ,Hh
ꎾ,c
ꏁ,BEbe
ꏐ,Xx
ꏮ,uw
ꏵ,Uu
ꏶ,FIfit
ꏻ,Ii
ꏼ,d
ꏾ,Xx
ꐂ,IXix
ꐲ,wy
ꑑ,Hh
ꑥ,o
ꑧ,cuw
ꑱ,bcdo
ꓐ,Bbꓐ
ꓑ,Ppꓑ
ꓒ,dꓒ
ꓓ,Ddꓓ
ꓔ,Ttꓔ
ꓕ,ILil
ꓖ,Ggꓖ
ꓗ,Kkꓗ
ꓘ,Kk
ꓙ,Jjꓙ
ꓚ,Ccꓚ
ꓛ,Cc
ꓜ,Zzꓜ
ꓝ,Ffꓝ
ꓞ,FIfi
ꓟ,Mmꓟ
ꓠ,Nnꓠ
ꓡ,Llꓡ
ꓢ,Ssꓢ
ꓣ,Rrꓣ
ꓤ,Rr
ꓥ,n
ꓦ,Vvꓦ
ꓧ,Hhꓧ
ꓨ,Gg
ꓩ,r
ꓪ,Wwꓪ
ꓫ,Xxꓫ
ꓬ,Yyꓬ
ꓭ,Bb
ꓮ,Aaꓮ
ꓯ,AVav
ꓰ,Eeꓰ
ꓱ,Ee
ꓲ,ILilꓲ
ꓳ,Ooꓳ
ꓴ,Uuꓴ
ꓵ,Nn
ꓶ,ILil
ꓷ,DOdo
ꔟ,m
ꔤ,Ii
ꔻ,o
ꕀ,muw
ꕐ,w
ꕙ,Bb
ꕡ,Oo
ꕨ,IMTimt
ꕪ,c
ꕺ,o
ꕽ,w
ꖅ,Ii
ꖈ,uw
ꖊ,o
ꖍ,Iil
ꖐ,Hho
ꖝ,o
ꖡ,w
ꖹ,OUou
ꗂ,Sfs
ꗔ,Ff
ꗘ,BPbp
ꗙ,BPbp
ꗫ,CIci
ꘃ,Iiw
ꘆ,w
ꘋ,b
ꘐ,n
ꘒ,Ee
ꘪ,HMhm
Ꙁ,Zzꙁ
Ꙃ,Zzꙃ
Ꙅ,2SsꙄꙅ
Ꙇ,Jijꙇ
ꙇ,iꙇ
Ꙉ,nꙉ
Ꙋ,yꙋ
Ꙍ,ouwꙍ
Ꙏ,bꙏ
Ꙑ,blꙑ
Ꙓ,blꙓ
Ꙕ,IOioꙕ
Ꙗ,AIaiꙗ
Ꙙ,Aaꙙ
Ꙛ,nꙛ
Ꙝ,Iailꙝ
Ꙟ,Ttꙟ
Ꙡ,Uuꙡ
Ꙣ,ouꙣ
Ꙥ,JTjtꙥ
Ꙧ,Mmꙧ
Ꙩ,Ooꙩ
Ꙫ,Ooꙫ
Ꙭ,Ooꙭ
Ꚁ,oꚁ
Ꚃ,Ssꚃ
Ꚅ,Kkꚅ
ꚅ,BKbk
Ꚇ,muwꚇ
Ꚉ,nꚉ
ꚉ,Aao
Ꚋ,Tbtꚋ
Ꚍ,Ttꚍ
Ꚏ,Uuꚏ
Ꚑ,Ttꚑ
ꚑ,Tt
Ꚓ,huꚓ
Ꚕ,hꚕ
ꚕ,h
Ꚗ,Wwꚗ
Ꚙ,Ooꚙ
Ꚛ,Ooꚛ
ꚛ,o
ꚜ,b
ꚴ,UVuv
ꛄ,p
ꛑ,Cc
ꛔ,m
ꛕ,c
ꛟ,vꛟ
ꛭ,p
ꛯ,2Ssꛯ
꜀,c
ꜟ,i
Ꜣ,Eeꜣ
ꜣ,Ee
Ꜥ,rꜥ
ꜥ,r
Ꜧ,Hhꜧ
ꜧ,h
Ꜩ,Ttzꜩ
ꜩ,tz
Ꜫ,Eeꜫ
ꜫ,Ee
Ꜭ,aꜭ
ꜭ,a
Ꜯ,aꜯ
ꜯ,a
ꜰ,Ff
ꜱ,sꜱ
Ꜳ,AMamꜳ
ꜳ,an
Ꜵ,AOaoꜵ
ꜵ,ao
Ꜷ,AJajꜷ
ꜷ,au
Ꜹ,Nnꜹ
ꜹ,a
Ꜻ,Nnꜻ
ꜻ,a
Ꜽ,Aaꜽ
ꜽ,a
Ꜿ,Ccꜿ
ꜿ,c
Ꝁ,Kkꝁ
ꝁ,k
Ꝃ,Kkꝃ
ꝃ,k
Ꝅ,Kkꝅ
ꝅ,k
Ꝇ,Lilꝇ
ꝇ,il
Ꝉ,Lilꝉ
ꝉ,il
Ꝋ,Ooꝋ
ꝋ,o
Ꝍ,Ooꝍ
ꝍ,o
Ꝏ,Ooꝏ
ꝏ,o
Ꝑ,Ppꝑ
ꝑ,p
Ꝓ,Ppꝓ
ꝓ,p
Ꝕ,ꝕ
Ꝗ,Qqꝗ
ꝗ,q
Ꝙ,Qqꝙ
Ꝛ,2iꝚꝛ
ꝛ,i
Ꝝ,ꝝ
Ꝟ,ꝟ
Ꝡ,Wwꝡ
ꝡ,w
Ꝣ,ꝣ
Ꝥ,Ddpꝥ
ꝥ,p
Ꝧ,bꝧ
ꝧ,b
Ꝩ,Ppꝩ
ꝩ,p
Ꝫ,3Ꝫꝫ
Ꝭ,ꝭ
Ꝯ,9goꝮꝯ
ꝯ,go
ꝰ,o
ꝵ,r
Ꝺ,OQoqꝺ
ꝺ,o
Ꝼ,ilrꝼ
ꝼ,ilr
Ᵹ,oᵹ
Ꝿ,oqꝿ
ꝿ,q
Ꞁ,ilrꞁ
ꞁ,il
Ꞃ,nrꞃ
ꞃ,nr
Ꞅ,ilrꞅ
ꞅ,ilr
Ꞇ,Ccꞇ
ꞇ,c
꞉,i
Ꞌ,iꞌ
ꞌ,i
Ɥ,huɥ
ꞎ,l
Ꞑ,Nnꞑ
ꞑ,n
Ꞓ,ꞓ
Ꞗ,ꞗ
Ꞙ,fꞘꞙ
ꞙ,fꞙ
Ꞛ,ꞛ
Ꞝ,ꞝ
ꞝ,BDbdo
Ꞟ,ꞟ
ꞟ,uꞟ
Ꞡ,Ggꞡ
ꞡ,g
Ꞣ,Kkꞣ
ꞣ,k
Ꞥ,Nnꞥ
ꞥ,Rr
Ꞧ,Rrꞧ
ꞧ,Ff
Ꞩ,Ssꞩ
ꞩ,s
Ɦ,Hhɦ
Ɜ,3ɜꞫ
Ɡ,ɡ
Ɬ,ɬ
Ɪ,ɪ
Ʞ,Kkʞ
Ʇ,ʇ
Ʝ,jʝꞲ
Ꭓ,xꞳꭓ
Ꞵ,bꞴꞵ
Ꞷ,ꞷ
Ꞹ,ꞹ
Ꞻ,ꞻ
Ꞽ,ꞽ
Ꞿ,ꞿ
Ꟁ,ꟁ
Ꟃ,ꟃ
Ꞔ,ꞔ
Ʂ,ʂ
Ᶎ,ᶎ
Ꟈ,ꟈ
Ꟊ,ꟊ
Ꟑ,ꟑ
Ꟗ,ꟗ
Ꟙ,ꟙ
Ꟶ,ꟶ
ꟸ,t
ꟹ,eo
ꟺ,mw
ꟻ,Ff
ꟼ,Ppq
ꟽ,MWmw
ꟾ,Iil
ꟿ,MWmw
ꠑ,bo
ꠕ,Mm
ꡈ,Ece
ꡖ,Oou
ꡙ,Sos
ꡞ,Cbcno
ꡤ,Vv
ꢄ,BDbdou
ꢚ,mo
ꢜ,Scos
ꤠ,Mm
ꥹ,Ee
ꦦ,nuw
ꧤ,ce
ꧻ,o
ꧾ,co
ꨁ,m
ꨄ,m
ꨖ,u
ꨟ,u
ꨢ,m
ꨤ,m
ꩪ,o
ꩱ,cn
ꪱ,Ii
ꫳ,bo
ꬒ,Hh
ꬓ,Hh
ꬖ,Hh
ꬲ,eꬲ
ꬴ,e
ꬵ,fꬵ
ꬽ,oꬽ
ꬾ,Dd
ꭇ,rꭇ
ꭈ,rꭈ
ꭎ,uꭎ
ꭏ,u
ꭒ,uꭒ
ꭖ,x
ꭙ,xy
ꭚ,yꭚ
ꭜ,h
ꭳ,no
ꭵ,iꭵ
ꮁ,rꮁ
ꮃ,wꮃ
ꮓ,zꮓ
ꮞ,AIai
ꮩ,vꮩ
ꮪ,csꮪ
ꮬ,Sos
ꮯ,cꮯ
ꮶ,Kk
ꮺ,u
ꮼ,u
ꮾ,Dbdo
ꯀ,Iilw
ꯁ,mo
ꯂ,co
ꯃ,Hch
ꯄ,CIMcilm
ꯅ,Cco
ꯆ,ACHach
ꯇ,co
ꯈ,ho
ꯉ,IOilo
ꯊ,ITiltuw
ꯋ,AHahn
ꯌ,Rcor
ꯍ,ISTilst
ꯎ,cmos
ꯏ,hos
ꯐ,Ee
ꯑ,CIOcilo
ꯒ,Tnt
ꯓ,Ncn
ꯔ,AHahou
ꯕ,Yoy
ꯖ,c
ꯗ,cho
ꯘ,Tcht
ꯙ,IJTijlt
ꯚ,IJTijlt
ꯛ,OTUWotuw
ꯜ,FIfil
ꯝ,AFTaft
ꯞ,CIMTcilmt
ꯟ,Cco
ꯠ,Yoy
ꯡ,IOTWilotw
ꯢ,cho
꯫,Iil
걭,Ee
놩,o
돋,c
드,co
땀,o
뚘,c
망,Iio
뮽,Eeo
므,o
믌,o
믘,Ffo
믱,Iio
쇁,Ee
쌬,Hh
욺,o
유,i
이,IOio
죜,FIfi
짐,Iio
짿,Hch
쨛,c
쵃,Hh
컴,Iio
탦,EHOeho
탱,EHeho
틐,Ee
핵,Hh
ힿ,Hh
ퟁ,Iil
ﬀ,f
ﬁ,fi
ﬂ,fl
ﬃ,fi
ﬄ,fl
ﬅ,ft
ﬆ,st
ﮦ,oﮦ
ﮧ,oﮧ
ﮨ,oﮨ
ﮩ,oﮩ
ﮪ,oﮪ
ﮫ,oﮫ
ﮬ,oﮬ
ﮭ,oﮭ
︽,n
︾,Vuv
︿,n
﹀,Vuv
ﺍ,lﺍ
ﺎ,lﺎ
ﻩ,oﻩ
ﻪ,oﻪ
ﻫ,oﻫ
ﻬ,oﻬ
ﻼ,Kk
＄,Ss
Ａ,AaＡａ
Ｂ,BbＢｂ
Ｃ,CcＣｃ
Ｄ,Ddｄ
Ｅ,EeＥｅ
Ｆ,Ffｆ
Ｇ,Ggｇ
Ｈ,HhＨｈ
Ｉ,IilＩｉ
Ｊ,JjＪｊ
Ｋ,KkＫｋ
Ｌ,Llｌ
Ｍ,MmＭｍ
Ｎ,NnＮｎ
Ｏ,OoＯｏ
Ｐ,PpＰｐ
Ｑ,Qqｑ
Ｒ,Rrｒ
Ｓ,SsＳｓ
Ｔ,TtＴｔ
Ｕ,Uuｕ
Ｖ,Vvｖ
Ｗ,Wwｗ
Ｘ,XxＸｘ
Ｙ,YyＹｙ
Ｚ,ZzＺｚ
ａ,aａ
ｂ,b
ｃ,cｃ
ｄ,d
ｅ,eｅ
ｆ,f
ｇ,gｇ
ｈ,hｈ
ｉ,iｉ
ｊ,jｊ
ｋ,k
ｌ,lｌ
ｍ,m
ｎ,n
ｏ,oｏ
ｐ,pｐ
ｑ,q
ｒ,r
ｓ,sｓ
ｔ,t
ｕ,u
ｖ,vｖ
ｗ,w
ｘ,xｘ
ｙ,yｙ
ｚ,z
｜,il
ｱ,Pp
ｲ,Tt
ｷ,Ff
ﾉ,Ii
ﾌ,Jj
ﾑ,Aa
ﾒ,Xx
ﾘ,Yy
ﾚ,Ll
ﾶ,Mm
￨,l￨
𐊂,b𐊂
𐊆,e𐊆
𐊇,f𐊇
𐊊,l𐊊
𐊐,x𐊐
𐊒,o𐊒
𐊕,p𐊕
𐊖,s𐊖
𐊗,t𐊗
𐊠,a𐊠
𐊡,b𐊡
𐊢,c𐊢
𐊥,f𐊥
𐊫,o𐊫
𐊰,m𐊰
𐊱,t𐊱
𐊲,y𐊲
𐊴,x𐊴
𐋏,h𐋏
𐋵,z𐋵
𐌁,b𐌁
𐌂,c𐌂
𐌉,l𐌉
𐌑,m𐌑
𐌕,t𐌕
𐌗,x𐌗
𐌚,8𐌚
𐌠,l𐌠
𐌢,x𐌢
𐐀,𐐨
𐐁,𐐩
𐐂,𐐪
𐐃,𐐫
𐐄,o𐐄𐐬
𐐅,𐐭
𐐆,𐐮
𐐇,𐐯
𐐈,𐐰
𐐉,𐐱
𐐊,𐐲
𐐋,𐐳
𐐌,𐐴
𐐍,𐐵
𐐎,𐐶
𐐏,𐐷
𐐐,𐐸
𐐑,𐐹
𐐒,Bb𐐺
𐐓,𐐻
𐐔,𐐼
𐐕,c𐐕𐐽
𐐖,𐐾
𐐗,𐐿
𐐘,𐑀
𐐙,𐑁
𐐚,𐑂
𐐛,l𐐛𐑃
𐐜,𐑄
𐐝,𐑅
𐐞,𐑆
𐐟,𐑇
𐐠,s𐐠𐑈
𐐡,𐑉
𐐢,𐑊
𐐣,𐑋
𐐤,𐑌
𐐥,𐑍
𐐦,𐑎
𐐧,𐑏
𐐬,o𐐬
𐐽,c𐐽
𐑈,s𐑈
𐒰,𐓘
𐒱,𐓙
𐒲,𐓚
𐒳,𐓛
𐒴,r𐒴𐓜
𐒵,𐓝
𐒶,𐓞
𐒷,𐓟
𐒸,𐓠
𐒹,𐓡
𐒺,𐓢
𐒻,𐓣
𐒼,𐓤
𐒽,𐓥
𐒾,𐓦
𐒿,𐓧
𐓀,𐓨
𐓁,𐓩
𐓂,o𐓂𐓪
𐓃,𐓫
𐓄,𐓬
𐓅,𐓭
𐓆,𐓮
𐓇,𐓯
𐓈,𐓰
𐓉,𐓱
𐓊,𐓲
𐓋,𐓳
𐓌,𐓴
𐓍,𐓵
𐓎,u𐓎𐓶
𐓏,𐓷
𐓐,𐓸
𐓑,𐓹
𐓒,7𐓒𐓺
𐓓,𐓻
𐓪,o𐓪
𐓶,u𐓶
𐔓,n𐔓
𐔖,o𐔖
𐔘,k𐔘
𐔜,c𐔜
𐔝,v𐔝
𐔥,f𐔥
𐔦,l𐔦
𐔧,x𐔧
𐕰,𐖗
𐕱,𐖘
𐕲,𐖙
𐕳,𐖚
𐕴,𐖛
𐕵,𐖜
𐕶,𐖝
𐕷,𐖞
𐕸,𐖟
𐕹,𐖠
𐕺,𐖡
𐕼,𐖣
𐕽,𐖤
𐕾,𐖥
𐕿,𐖦
𐖀,𐖧
𐖁,𐖨
𐖂,𐖩
𐖃,𐖪
𐖄,𐖫
𐖅,𐖬
𐖆,𐖭
𐖇,𐖮
𐖈,𐖯
𐖉,𐖰
𐖊,𐖱
𐖌,𐖳
𐖍,𐖴
𐖎,𐖵
𐖏,𐖶
𐖐,𐖷
𐖑,𐖸
𐖒,𐖹
𐖔,𐖻
𐖕,𐖼
𐲀,𐳀
𐲁,𐳁
𐲂,𐳂
𐲃,𐳃
𐲄,𐳄
𐲅,𐳅
𐲆,𐳆
𐲇,𐳇
𐲈,𐳈
𐲉,𐳉
𐲊,𐳊
𐲋,𐳋
𐲌,𐳌
𐲍,𐳍
𐲎,𐳎
𐲏,𐳏
𐲐,𐳐
𐲑,𐳑
𐲒,𐳒
𐲓,𐳓
𐲔,𐳔
𐲕,𐳕
𐲖,𐳖
𐲗,𐳗
𐲘,𐳘
𐲙,𐳙
𐲚,𐳚
𐲛,𐳛
𐲜,𐳜
𐲝,𐳝
𐲞,𐳞
𐲟,𐳟
𐲠,𐳠
𐲡,𐳡
𐲢,𐳢
𐲣,𐳣
𐲤,𐳤
𐲥,𐳥
𐲦,𐳦
𐲧,𐳧
𐲨,𐳨
𐲩,𐳩
𐲪,𐳪
𐲫,𐳫
𐲬,𐳬
𐲭,𐳭
𐲮,𐳮
𐲯,𐳯
𐲰,𐳰
𐲱,𐳱
𐲲,𐳲
𑓐,o𑓐
𑜆,v𑜆
𑜊,w𑜊
𑜎,w𑜎
𑜏,w𑜏
𑢠,v𑢠𑣀
𑢡,𑣁
𑢢,f𑢢𑣂
𑢣,l𑢣𑣃
𑢤,y𑢤𑣄
𑢥,𑣅
𑢦,e𑢦𑣆
𑢧,𑣇
𑢨,𑣈
𑢩,z𑢩𑣉
𑢪,𑣊
𑢫,𑣋
𑢬,9𑢬𑣌
𑢭,𑣍
𑢮,e𑢮𑣎
𑢯,4𑢯𑣏
𑢰,𑣐
𑢱,𑣑
𑢲,l𑢲𑣒
𑢳,𑣓
𑢴,𑣔
𑢵,o𑢵𑣕
𑢶,𑣖
𑢷,𑣗
𑢸,u𑢸𑣘
𑢹,𑣙
𑢺,𑣚
𑢻,5𑢻𑣛
𑢼,t𑢼𑣜
𑢽,𑣝
𑢾,𑣞
𑢿,𑣟
𑣀,v𑣀
𑣁,s𑣁
𑣂,f𑣂
𑣃,i𑣃
𑣄,z𑣄
𑣆,7𑣆
𑣈,o𑣈
𑣊,3𑣊
𑣌,9𑣌
𑣕,6𑣕
𑣖,9𑣖
𑣗,o𑣗
𑣘,u𑣘
𑣜,y𑣜
𑣠,o𑣠
𑣥,z𑣥
𑣦,w𑣦
𑣩,c𑣩
𑣬,x𑣬
𑣯,w𑣯
𑣲,c𑣲
𖹀,𖹠
𖹁,𖹡
𖹂,𖹢
𖹃,𖹣
𖹄,𖹤
𖹅,𖹥
𖹆,𖹦
𖹇,𖹧
𖹈,𖹨
𖹉,𖹩
𖹊,𖹪
𖹋,𖹫
𖹌,𖹬
𖹍,𖹭
𖹎,𖹮
𖹏,𖹯
𖹐,𖹰
𖹑,𖹱
𖹒,𖹲
𖹓,𖹳
𖹔,𖹴
𖹕,𖹵
𖹖,𖹶
𖹗,𖹷
𖹘,𖹸
𖹙,𖹹
𖹚,𖹺
𖹛,𖹻
𖹜,𖹼
𖹝,𖹽
𖹞,𖹾
𖹟,𖹿
𖼈,v𖼈
𖼊,t𖼊
𖼖,l𖼖
𖼨,l𖼨
𖼵,r𖼵
𖼺,s𖼺
𖼻,3𖼻
𖽀,a𖽀
𖽂,u𖽂
𖽃,y𖽃
𝈆,3𝈆
𝈍,v𝈍
𝈒,7𝈒
𝈓,f𝈓
𝈖,r𝈖
𝈪,l𝈪
𝐀,Aa𝐀
𝐁,Bb𝐁
𝐂,Cc𝐂
𝐃,Dd𝐃
𝐄,Ee𝐄
𝐅,Ff𝐅
𝐆,Gg𝐆
𝐇,Hh𝐇
𝐈,Iil𝐈
𝐉,Jj𝐉
𝐊,Kk𝐊
𝐋,Ll𝐋
𝐌,Mm𝐌
𝐍,Nn𝐍
𝐎,Oo𝐎
𝐏,Pp𝐏
𝐐,Qq𝐐
𝐑,Rr𝐑
𝐒,Ss𝐒
𝐓,Tt𝐓
𝐔,Uu𝐔
𝐕,Vv𝐕
𝐖,Ww𝐖
𝐗,Xx𝐗
𝐘,Yy𝐘
𝐙,Zz𝐙
𝐚,a𝐚
𝐛,b𝐛
𝐜,c𝐜
𝐝,d𝐝
𝐞,e𝐞
𝐟,f𝐟
𝐠,g𝐠
𝐡,h𝐡
𝐢,i𝐢
𝐣,j𝐣
𝐤,k𝐤
𝐥,l𝐥
𝐦,m
𝐧,n𝐧
𝐨,o𝐨
𝐩,p𝐩
𝐪,q𝐪
𝐫,r𝐫
𝐬,s𝐬
𝐭,t𝐭
𝐮,u𝐮
𝐯,v𝐯
𝐰,w𝐰
𝐱,x𝐱
𝐲,y𝐲
𝐳,z𝐳
𝐴,a𝐴
𝐵,b𝐵
𝐶,c𝐶
𝐷,d𝐷
𝐸,e𝐸
𝐹,f𝐹
𝐺,g𝐺
𝐻,h𝐻
𝐼,l𝐼
𝐽,j𝐽
𝐾,k𝐾
𝐿,l𝐿
𝑀,m𝑀
𝑁,n𝑁
𝑂,o𝑂
𝑃,p𝑃
𝑄,q𝑄
𝑅,r𝑅
𝑆,s𝑆
𝑇,t𝑇
𝑈,u𝑈
𝑉,v𝑉
𝑊,w𝑊
𝑋,x𝑋
𝑌,y𝑌
𝑍,z𝑍
𝑎,a𝑎
𝑏,b𝑏
𝑐,c𝑐
𝑑,d𝑑
𝑒,e𝑒
𝑓,f𝑓
𝑔,g𝑔
𝑖,i𝑖
𝑗,j𝑗
𝑘,k𝑘
𝑙,l𝑙
𝑛,n𝑛
𝑜,o𝑜
𝑝,p𝑝
𝑞,q𝑞
𝑟,r𝑟
𝑠,s𝑠
𝑡,t𝑡
𝑢,u𝑢
𝑣,v𝑣
𝑤,w𝑤
𝑥,x𝑥
𝑦,y𝑦
𝑧,z𝑧
𝑨,Aa𝑨
𝑩,Bb𝑩
𝑪,Cc𝑪
𝑫,Dd𝑫
𝑬,Ee𝑬
𝑭,Ff𝑭
𝑮,Gg𝑮
𝑯,Hh𝑯
𝑰,Iil𝑰
𝑱,Jj𝑱
𝑲,Kk𝑲
𝑳,Ll𝑳
𝑴,Mm𝑴
𝑵,Nn𝑵
𝑶,Oo𝑶
𝑷,Pp𝑷
𝑸,Qq𝑸
𝑹,Rr𝑹
𝑺,Ss𝑺
𝑻,Tt𝑻
𝑼,Uu𝑼
𝑽,Vv𝑽
𝑾,Ww𝑾
𝑿,Xx𝑿
𝒀,Yy𝒀
𝒁,Zz𝒁
𝒂,a𝒂
𝒃,b𝒃
𝒄,c𝒄
𝒅,d𝒅
𝒆,e𝒆
𝒇,f𝒇
𝒈,g𝒈
𝒉,h𝒉
𝒊,i𝒊
𝒋,j𝒋
𝒌,k𝒌
𝒍,l𝒍
𝒎,m
𝒏,n𝒏
𝒐,o𝒐
𝒑,p𝒑
𝒒,q𝒒
𝒓,r𝒓
𝒔,s𝒔
𝒕,t𝒕
𝒖,u𝒖
𝒗,v𝒗
𝒘,w𝒘
𝒙,x𝒙
𝒚,y𝒚
𝒛,z𝒛
𝒜,a𝒜
𝒞,c𝒞
𝒟,d𝒟
𝒢,g𝒢
𝒥,j𝒥
𝒦,k𝒦
𝒩,n𝒩
𝒪,o𝒪
𝒫,p𝒫
𝒬,q𝒬
𝒮,s𝒮
𝒯,t𝒯
𝒰,u𝒰
𝒱,v𝒱
𝒲,w𝒲
𝒳,x𝒳
𝒴,y𝒴
𝒵,z𝒵
𝒶,a𝒶
𝒷,b𝒷
𝒸,c𝒸
𝒹,d𝒹
𝒻,f𝒻
𝒽,h𝒽
𝒾,i𝒾
𝒿,j𝒿
𝓀,k𝓀
𝓁,l𝓁
𝓃,n𝓃
𝓅,p𝓅
𝓆,q𝓆
𝓇,r𝓇
𝓈,s𝓈
𝓉,t𝓉
𝓊,u𝓊
𝓋,v𝓋
𝓌,w𝓌
𝓍,x𝓍
𝓎,y𝓎
𝓏,z𝓏
𝓐,Aa𝓐
𝓑,Bb𝓑
𝓒,Cc𝓒
𝓓,Dd𝓓
𝓔,Ee𝓔
𝓕,Ff𝓕
𝓖,Gg𝓖
𝓗,Hh𝓗
𝓘,Iil𝓘
𝓙,Jj𝓙
𝓚,Kk𝓚
𝓛,Ll𝓛
𝓜,Mm𝓜
𝓝,Nn𝓝
𝓞,Oo𝓞
𝓟,Pp𝓟
𝓠,Qq𝓠
𝓡,Rr𝓡
𝓢,Ss𝓢
𝓣,Tt𝓣
𝓤,Uu𝓤
𝓥,Vv𝓥
𝓦,Ww𝓦
𝓧,Xx𝓧
𝓨,Yy𝓨
𝓩,Zz𝓩
𝓪,a𝓪
𝓫,b𝓫
𝓬,c𝓬
𝓭,d𝓭
𝓮,e𝓮
𝓯,f𝓯
𝓰,g𝓰
𝓱,h𝓱
𝓲,i𝓲
𝓳,j𝓳
𝓴,k𝓴
𝓵,l𝓵
𝓶,m
𝓷,n𝓷
𝓸,o𝓸
𝓹,p𝓹
𝓺,q𝓺
𝓻,r𝓻
𝓼,s𝓼
𝓽,t𝓽
𝓾,u𝓾
𝓿,v𝓿
𝔀,w𝔀
𝔁,x𝔁
𝔂,y𝔂
𝔃,z𝔃
𝔄,Aa𝔄
𝔅,Bb𝔅
𝔇,Dd𝔇
𝔈,Ee𝔈
𝔉,Ff𝔉
𝔊,Gg𝔊
𝔍,Jj𝔍
𝔎,Kk𝔎
𝔏,Ll𝔏
𝔐,Mm𝔐
𝔑,Nn𝔑
𝔒,Oo𝔒
𝔓,Pp𝔓
𝔔,Qq𝔔
𝔖,Ss𝔖
𝔗,Tt𝔗
𝔘,Uu𝔘
𝔙,Vv𝔙
𝔚,Ww𝔚
𝔛,Xx𝔛
𝔜,Yy𝔜
𝔞,a𝔞
𝔟,b𝔟
𝔠,c𝔠
𝔡,d𝔡
𝔢,e𝔢
𝔣,f𝔣
𝔤,g𝔤
𝔥,h𝔥
𝔦,i𝔦
𝔧,j𝔧
𝔨,k𝔨
𝔩,l𝔩
𝔪,m
𝔫,n𝔫
𝔬,o𝔬
𝔭,p𝔭
𝔮,q𝔮
𝔯,r𝔯
𝔰,s𝔰
𝔱,t𝔱
𝔲,u𝔲
𝔳,v𝔳
𝔴,w𝔴
𝔵,x𝔵
𝔶,y𝔶
𝔷,z𝔷
𝔸,Aa𝔸
𝔹,Bb𝔹
𝔻,Dd𝔻
𝔼,Ee𝔼
𝔽,Ff𝔽
𝔾,Gg𝔾
𝕀,Iil𝕀
𝕁,Jj𝕁
𝕂,Kk𝕂
𝕃,Ll𝕃
𝕄,Mm𝕄
𝕆,Oo𝕆
𝕊,Ss𝕊
𝕋,Tt𝕋
𝕌,Uu𝕌
𝕍,Vv𝕍
𝕎,Ww𝕎
𝕏,Xx𝕏
𝕐,Yy𝕐
𝕒,a𝕒
𝕓,b𝕓
𝕔,c𝕔
𝕕,d𝕕
𝕖,e𝕖
𝕗,f𝕗
𝕘,g𝕘
𝕙,h𝕙
𝕚,i𝕚
𝕛,j𝕛
𝕜,k𝕜
𝕝,l𝕝
𝕞,m
𝕟,n𝕟
𝕠,o𝕠
𝕡,p𝕡
𝕢,q𝕢
𝕣,r𝕣
𝕤,s𝕤
𝕥,t𝕥
𝕦,u𝕦
𝕧,v𝕧
𝕨,w𝕨
𝕩,x𝕩
𝕪,y𝕪
𝕫,z𝕫
𝕬,Aa𝕬
𝕭,Bb𝕭
𝕮,Cc𝕮
𝕯,Dd𝕯
𝕰,Ee𝕰
𝕱,Ff𝕱
𝕲,Gg𝕲
𝕳,Hh𝕳
𝕴,Iil𝕴
𝕵,Jj𝕵
𝕶,Kk𝕶
𝕷,Ll𝕷
𝕸,Mm𝕸
𝕹,Nn𝕹
𝕺,Oo𝕺
𝕻,Pp𝕻
𝕼,Qq𝕼
𝕽,Rr𝕽
𝕾,Ss𝕾
𝕿,Tt𝕿
𝖀,Uu𝖀
𝖁,Vv𝖁
𝖂,Ww𝖂
𝖃,Xx𝖃
𝖄,Yy𝖄
𝖅,Zz𝖅
𝖆,a𝖆
𝖇,b𝖇
𝖈,c𝖈
𝖉,d𝖉
𝖊,e𝖊
𝖋,f𝖋
𝖌,g𝖌
𝖍,h𝖍
𝖎,i𝖎
𝖏,j𝖏
𝖐,k𝖐
𝖑,l𝖑
𝖒,m
𝖓,n𝖓
𝖔,o𝖔
𝖕,p𝖕
𝖖,q𝖖
𝖗,r𝖗
𝖘,s𝖘
𝖙,t𝖙
𝖚,u𝖚
𝖛,v𝖛
𝖜,w𝖜
𝖝,x𝖝
𝖞,y𝖞
𝖟,z𝖟
𝖠,Aa𝖠
𝖡,Bb𝖡
𝖢,Cc𝖢
𝖣,Dd𝖣
𝖤,Ee𝖤
𝖥,Ff𝖥
𝖦,Gg𝖦
𝖧,Hh𝖧
𝖨,Iil𝖨
𝖩,Jj𝖩
𝖪,Kk𝖪
𝖫,Ll𝖫
𝖬,Mm𝖬
𝖭,Nn𝖭
𝖮,Oo𝖮
𝖯,Pp𝖯
𝖰,Qq𝖰
𝖱,Rr𝖱
𝖲,Ss𝖲
𝖳,Tt𝖳
𝖴,Uu𝖴
𝖵,Vv𝖵
𝖶,Ww𝖶
𝖷,Xx𝖷
𝖸,Yy𝖸
𝖹,Zz𝖹
𝖺,a𝖺
𝖻,b𝖻
𝖼,c𝖼
𝖽,d𝖽
𝖾,e𝖾
𝖿,f𝖿
𝗀,g𝗀
𝗁,h𝗁
𝗂,i𝗂
𝗃,j𝗃
𝗄,k𝗄
𝗅,l𝗅
𝗆,m
𝗇,n𝗇
𝗈,o𝗈
𝗉,p𝗉
𝗊,q𝗊
𝗋,r𝗋
𝗌,s𝗌
𝗍,t𝗍
𝗎,u𝗎
𝗏,v𝗏
𝗐,w𝗐
𝗑,x𝗑
𝗒,y𝗒
𝗓,z𝗓
𝗔,Aa𝗔
𝗕,Bb𝗕
𝗖,Cc𝗖
𝗗,Dd𝗗
𝗘,Ee𝗘
𝗙,Ff𝗙
𝗚,Gg𝗚
𝗛,Hh𝗛
𝗜,Iil𝗜
𝗝,Jj𝗝
𝗞,Kk𝗞
𝗟,Ll𝗟
𝗠,Mm𝗠
𝗡,Nn𝗡
𝗢,Oo𝗢
𝗣,Pp𝗣
𝗤,Qq𝗤
𝗥,Rr𝗥
𝗦,Ss𝗦
𝗧,Tt𝗧
𝗨,Uu𝗨
𝗩,Vv𝗩
𝗪,Ww𝗪
𝗫,Xx𝗫
𝗬,Yy𝗬
𝗭,Zz𝗭
𝗮,a𝗮
𝗯,b𝗯
𝗰,c𝗰
𝗱,d𝗱
𝗲,e𝗲
𝗳,f𝗳
𝗴,g𝗴
𝗵,h𝗵
𝗶,i𝗶
𝗷,j𝗷
𝗸,k𝗸
𝗹,l𝗹
𝗺,m
𝗻,n𝗻
𝗼,o𝗼
𝗽,p𝗽
𝗾,q𝗾
𝗿,r𝗿
𝘀,s𝘀
𝘁,t𝘁
𝘂,u𝘂
𝘃,v𝘃
𝘄,w𝘄
𝘅,x𝘅
𝘆,y𝘆
𝘇,z𝘇
𝘈,Aa𝘈
𝘉,Bb𝘉
𝘊,Cc𝘊
𝘋,Dd𝘋
𝘌,Ee𝘌
𝘍,Ff𝘍
𝘎,Gg𝘎
𝘏,Hh𝘏
𝘐,Iil𝘐
𝘑,Jj𝘑
𝘒,Kk𝘒
𝘓,Ll𝘓
𝘔,Mm𝘔
𝘕,Nn𝘕
𝘖,Oo𝘖
𝘗,Pp𝘗
𝘘,Qq𝘘
𝘙,Rr𝘙
𝘚,Ss𝘚
𝘛,Tt𝘛
𝘜,Uu𝘜
𝘝,Vv𝘝
𝘞,Ww𝘞
𝘟,Xx𝘟
𝘠,Yy𝘠
𝘡,Zz𝘡
𝘢,a𝘢
𝘣,b𝘣
𝘤,c𝘤
𝘥,d𝘥
𝘦,e𝘦
𝘧,f𝘧
𝘨,g𝘨
𝘩,h𝘩
𝘪,i𝘪
𝘫,j𝘫
𝘬,k𝘬
𝘭,l𝘭
𝘮,m
𝘯,n𝘯
𝘰,o𝘰
𝘱,p𝘱
𝘲,q𝘲
𝘳,r𝘳
𝘴,s𝘴
𝘵,t𝘵
𝘶,u𝘶
𝘷,v𝘷
𝘸,w𝘸
𝘹,x𝘹
𝘺,y𝘺
𝘻,z𝘻
𝘼,Aa𝘼
𝘽,Bb𝘽
𝘾,Cc𝘾
𝘿,Dd𝘿
𝙀,Ee𝙀
𝙁,Ff𝙁
𝙂,Gg𝙂
𝙃,Hh𝙃
𝙄,Iil𝙄
𝙅,Jj𝙅
𝙆,Kk𝙆
𝙇,Ll𝙇
𝙈,Mm𝙈
𝙉,Nn𝙉
𝙊,Oo𝙊
𝙋,Pp𝙋
𝙌,Qq𝙌
𝙍,Rr𝙍
𝙎,Ss𝙎
𝙏,Tt𝙏
𝙐,Uu𝙐
𝙑,Vv𝙑
𝙒,Ww𝙒
𝙓,Xx𝙓
𝙔,Yy𝙔
𝙕,Zz𝙕
𝙖,a𝙖
𝙗,b𝙗
𝙘,c𝙘
𝙙,d𝙙
𝙚,e𝙚
𝙛,f𝙛
𝙜,g𝙜
𝙝,h𝙝
𝙞,i𝙞
𝙟,j𝙟
𝙠,k𝙠
𝙡,l𝙡
𝙢,m
𝙣,n𝙣
𝙤,o𝙤
𝙥,p𝙥
𝙦,q𝙦
𝙧,r𝙧
𝙨,s𝙨
𝙩,t𝙩
𝙪,u𝙪
𝙫,v𝙫
𝙬,w𝙬
𝙭,x𝙭
𝙮,y𝙮
𝙯,z𝙯
𝙰,Aa𝙰
𝙱,Bb𝙱
𝙲,Cc𝙲
𝙳,Dd𝙳
𝙴,Ee𝙴
𝙵,Ff𝙵
𝙶,Gg𝙶
𝙷,Hh𝙷
𝙸,Iil𝙸
𝙹,Jj𝙹
𝙺,Kk𝙺
𝙻,Ll𝙻
𝙼,Mm𝙼
𝙽,Nn𝙽
𝙾,Oo𝙾
𝙿,Pp𝙿
𝚀,Qq𝚀
𝚁,Rr𝚁
𝚂,Ss𝚂
𝚃,Tt𝚃
𝚄,Uu𝚄
𝚅,Vv𝚅
𝚆,Ww𝚆
𝚇,Xx𝚇
𝚈,Yy𝚈
𝚉,Zz𝚉
𝚊,a𝚊
𝚋,b𝚋
𝚌,c𝚌
𝚍,d𝚍
𝚎,e𝚎
𝚏,f𝚏
𝚐,g𝚐
𝚑,h𝚑
𝚒,i𝚒
𝚓,j𝚓
𝚔,k𝚔
𝚕,l𝚕
𝚖,m
𝚗,n𝚗
𝚘,o𝚘
𝚙,p𝚙
𝚚,q𝚚
𝚛,r𝚛
𝚜,s𝚜
𝚝,t𝚝
𝚞,u𝚞
𝚟,v𝚟
𝚠,w𝚠
𝚡,x𝚡
𝚢,y𝚢
𝚣,z𝚣
𝚤,i𝚤
𝚨,a𝚨
𝚩,b𝚩
𝚬,e𝚬
𝚭,z𝚭
𝚮,h𝚮
𝚰,l𝚰
𝚱,k𝚱
𝚳,m𝚳
𝚴,n𝚴
𝚶,o𝚶
𝚸,p𝚸
𝚻,t𝚻
𝚼,y𝚼
𝚾,x𝚾
𝛂,a𝛂
𝛄,y𝛄
𝛊,i𝛊
𝛎,v𝛎
𝛐,o𝛐
𝛒,p𝛒
𝛔,o𝛔
𝛖,u𝛖
𝛠,p𝛠
𝛢,a𝛢
𝛣,b𝛣
𝛦,e𝛦
𝛧,z𝛧
𝛨,h𝛨
𝛪,l𝛪
𝛫,k𝛫
𝛭,m𝛭
𝛮,n𝛮
𝛰,o𝛰
𝛲,p𝛲
𝛵,t𝛵
𝛶,y𝛶
𝛸,x𝛸
𝛼,a𝛼
𝛾,y𝛾
𝜄,i𝜄
𝜈,v𝜈
𝜊,o𝜊
𝜌,p𝜌
𝜎,o𝜎
𝜐,u𝜐
𝜚,p𝜚
𝜜,a𝜜
𝜝,b𝜝
𝜠,e𝜠
𝜡,z𝜡
𝜢,h𝜢
𝜤,l𝜤
𝜥,k𝜥
𝜧,m𝜧
𝜨,n𝜨
𝜪,o𝜪
𝜬,p𝜬
𝜯,t𝜯
𝜰,y𝜰
𝜲,x𝜲
𝜶,a𝜶
𝜸,y𝜸
𝜾,i𝜾
𝝂,v𝝂
𝝄,o𝝄
𝝆,p𝝆
𝝈,o𝝈
𝝊,u𝝊
𝝔,p𝝔
𝝖,a𝝖
𝝗,b𝝗
𝝚,e𝝚
𝝛,z𝝛
𝝜,h𝝜
𝝞,l𝝞
𝝟,k𝝟
𝝡,m𝝡
𝝢,n𝝢
𝝤,o𝝤
𝝦,p𝝦
𝝩,t𝝩
𝝪,y𝝪
𝝬,x𝝬
𝝰,a𝝰
𝝲,y𝝲
𝝸,i𝝸
𝝼,v𝝼
𝝾,o𝝾
𝞀,p𝞀
𝞂,o𝞂
𝞄,u𝞄
𝞎,p𝞎
𝞐,a𝞐
𝞑,b𝞑
𝞔,e𝞔
𝞕,z𝞕
𝞖,h𝞖
𝞘,l𝞘
𝞙,k𝞙
𝞛,m𝞛
𝞜,n𝞜
𝞞,o𝞞
𝞠,p𝞠
𝞣,t𝞣
𝞤,y𝞤
𝞦,x𝞦
𝞪,a𝞪
𝞬,y𝞬
𝞲,i𝞲
𝞶,v𝞶
𝞸,o𝞸
𝞺,p𝞺
𝞼,o𝞼
𝞾,u𝞾
𝟈,p𝟈
𝟊,f𝟊
𝟎,o𝟎
𝟏,l𝟏
𝟐,2𝟐
𝟑,3𝟑
𝟒,4𝟒
𝟓,5𝟓
𝟔,6𝟔
𝟕,7𝟕
𝟖,8𝟖
𝟗,9𝟗
𝟘,o𝟘
𝟙,l𝟙
𝟚,2𝟚
𝟛,3𝟛
𝟜,4𝟜
𝟝,5𝟝
𝟞,6𝟞
𝟟,7𝟟
𝟠,8𝟠
𝟡,9𝟡
𝟢,o𝟢
𝟣,l𝟣
𝟤,2𝟤
𝟥,3𝟥
𝟦,4𝟦
𝟧,5𝟧
𝟨,6𝟨
𝟩,7𝟩
𝟪,8𝟪
𝟫,9𝟫
𝟬,o𝟬
𝟭,l𝟭
𝟮,2𝟮
𝟯,3𝟯
𝟰,4𝟰
𝟱,5𝟱
𝟲,6𝟲
𝟳,7𝟳
𝟴,8𝟴
𝟵,9𝟵
𝟶,o𝟶
𝟷,l𝟷
𝟸,2𝟸
𝟹,3𝟹
𝟺,4𝟺
𝟻,5𝟻
𝟼,6𝟼
𝟽,7𝟽
𝟾,8𝟾
𝟿,9𝟿
𞣇,l𞣇
𞣋,8𞣋
𞤀,𞤢
𞤁,𞤣
𞤂,𞤤
𞤃,𞤥
𞤄,𞤦
𞤅,𞤧
𞤆,𞤨
𞤇,𞤩
𞤈,𞤪
𞤉,𞤫
𞤊,𞤬
𞤋,𞤭
𞤌,𞤮
𞤍,𞤯
𞤎,𞤰
𞤏,𞤱
𞤐,𞤲
𞤑,𞤳
𞤒,𞤴
𞤓,𞤵
𞤔,𞤶
𞤕,𞤷
𞤖,𞤸
𞤗,𞤹
𞤘,𞤺
𞤙,𞤻
𞤚,𞤼
𞤛,𞤽
𞤜,𞤾
𞤝,𞤿
𞤞,𞥀
𞤟,𞥁
𞤠,𞥂
𞤡,𞥃
𞸀,l𞸀
𞸤,o𞸤
𞹤,o𞹤
𞺀,l𞺀
𞺄,o𞺄
🄀,Oo
🄁,Oo
🄂,Iil
🄅,Aa
🄆,Ss
🄋,Oo
🄌,Oo
🄐,Aa
🄑,Bb
🄒,Cc
🄓,Dd
🄔,Ee
🄕,Ff
🄖,Gg
🄗,Hh
🄘,Ii
🄙,Jj
🄚,Kk
🄛,Ll
🄜,Mm
🄝,Nn
🄞,Oo
🄟,Pp
🄠,Qq
🄡,Rr
🄢,Ss
🄣,Tt
🄤,Uu
🄥,Vv
🄦,Ww
🄧,Xx
🄨,Yy
🄩,Zz
🄪,Ss
🄫,Cc
🄬,Rr
🄭,CDcd
🄮,Wwz
🄯,Cc
🄰,Aa
🄱,Bb
🄲,Cc
🄳,Dd
🄴,Ee
🄵,Ff
🄶,Gg
🄷,Hh
🄸,Ii
🄹,Jj
🄺,Kk
🄻,Ll
🄼,Mm
🄽,Nn
🄾,Oo
🄿,Pp
🅀,Qq
🅁,Rr
🅂,Ss
🅃,Tt
🅄,Uu
🅅,Vv
🅆,Ww
🅇,Xx
🅈,Yy
🅉,Zz
🅊,HVhv
🅋,MVmv
🅌,DSds
🅍,Ss
🅎,PVpv
🅏,CWcw
🅐,Aa
🅑,Bb
🅒,Cc
🅓,Dd
🅔,Ee
🅕,Ff
🅖,Gg
🅗,Hh
🅘,Ii
🅙,Jj
🅚,Kk
🅛,Ll
🅜,Mm
🅝,Nn
🅞,Oo
🅟,Pp
🅠,Qq
🅡,Rr
🅢,Ss
🅣,Tt
🅤,Uu
🅥,Vv
🅦,Ww
🅧,Xx
🅨,Yy
🅩,Zz
🅪,CMcm
🅫,DMdm
🅬,MRmr
🅰,Aa
🅱,Bb
🅲,Cc
🅳,Dd
🅴,Ee
🅵,Ff
🅶,Gg
🅷,Hh
🅸,Ii
🅹,Jj
🅺,Kk
🅻,Ll
🅼,Mm
🅽,Nn
🅾,Oo
🅿,Pp
🆀,Qq
🆁,Rr
🆂,Ss
🆃,Tt
🆄,Uu
🆅,Vv
🆆,Ww
🆇,Xx
🆈,Yy
🆉,Zz
🆛,Dd
🆝,Kk
🆞,Kk
🆟,Kk
🆣,Pp
🆤,Pp
🆥,d
🆦,CHch
🆧,DHRdhr
🆪,HSVhsv
🆫,DHUdhu
🆬,DOVdov
🇦,Aa
🇧,Bb
🇨,Cc
🇩,Dd
🇪,Ee
🇫,Ff
🇬,Gg
🇭,Hh
🇮,Iil
🇯,Jj
🇰,Kk
🇱,Ll
🇲,Mm
🇳,Nn
🇴,Oo
🇵,Pp
🇶,Qq
🇷,Rr
🇸,Ss
🇹,Tt
🇺,UVuv
🇻,UVuv
🇼,Ww
🇽,Xx
🇾,Yy
🇿,Zz
🝌,c🝌
🝨,t🝨
🯰,o🯰
🯱,l🯱
🯲,2🯲
🯳,3🯳
🯴,4🯴
🯵,5🯵
🯶,6🯶
🯷,7🯷
🯸,8🯸
🯹,9🯹
