*,aeiou
#,a

&,a
u,v
U,V
v,u
V,U
^,va
^,u
j,i
J,i
l,i
L,i
i,l
k,c
K,c
I,Li
x,cieu
X,cieu
z,s

|,li
¦,li
‖,li
｜,li
∥,li
ǀ,li
ǁ,li
∣,li
│,li
।,li
॥,li
[,li
],li
(,li
),li
{,li
},li
/,li
\,li

!,li
@,a
4,a
8,bHh
6,bSs
(,c
<,c
3,Beg
9,gqp
#,h
|,li
1,li
0,o
5,s
$,s
+,t
7,t
2,z

α,a
β,b
γ,y
∆,a
δ,d
ε,Ee
ζ,z
η,hn
θ,o
ι,i
κ,k
λ,l
μ,mu
µ,mu
ν,nv
ο,o
ρ,p
ς,s
τ,t
υ,u
φ,p
χ,x
ψ,t
Ω,o
ω,w

⊗,o
⊕,o
σ,o
∩,n
∪,u
⊂,c
⊆,c
⊄,c
∈,e
⊖,o
Ø,o
∨,v
∄,ab
∫,l
И,n

ℂ,c
¢,c
℃,c
℄,c
ℇ,e
℉,f
ℊ,g
ℋ,h
ℌ,h
ℍ,h
ℎ,h
ℏ,h
ℐ,j
ℑ,j
ℒ,l
ℓ,l
℔,b
ℕ,n
№,n
℗,p
Ⓟ,p
℘,p
ℙ,p
ℚ,q
ℛ,r
ℜ,r
ℝ,r
℟,r
ȿ,s
℣,v
ℤ,z
℧,o
℩,i
K,k
Å,a
ℬ,b
ℭ,c
℮,e
ℰ,e
ℱ,f
ℳ,m
ℴ,o
ℵ,n
ℹ,i
℺,o
ℼ,n
Ʉ,u
ℽ,v
ℿ,n
⅀,e
⅁,g
⅄,l
ⅅ,d
ⅆ,d
ⅇ,e
ⅈ,i
ⅉ,ji
ⓢ,s
ⓨ,y

е,e
о,o
ѕ,s
х,x
і,i
ј,j
р,p
с,c
у,y
ѵ,v
ɑ,a
ɡ,g
ɩ,li
ɒ,o
г,r
π,n
ո,n
հ,h
ս,u
ց,g
ք,fp
ყ,y
୦,o
০,o
੦,o
౦,o
೦,o
๐,o
໐,o
᠐,o
〇,o
օ,o
б,b
৪,b
৭,g
੧,g
୨,g

†,t
ғ,Ff
υ,u
ĸ,Kk
ᴐ,o
ᴑ,o
ᴒ,o
ᴓ,o
ᴂ,ae
ᵬ,b
ᵭ,d
ᵮ,f
ᵯ,m
ᵰ,n
ᵱ,p
ᵲ,f
ᵳ,f
ᵴ,s
ᵵ,t
ᵶ,z
ᵷ,g
ᵝ,Bb
β,Bb
Ⱡ,ⱡ
Ɫ,ɫ
Ᵽ,Pp
Ɽ,Rr
Ⱨ,Hⱨ
Ⱪ,Kⱪ
Ⱬ,Zⱬ
Ɑ,Aɑ
Ɱ,Mɱ
Ɐ,Aɐ
Ɒ,ɒ
Ⱳ,Wⱳ

Ȿ,Ss
Ɀ,Zz
Ⲁ,Aa
Ⲃ,Bb
Ⲅ,Rr
ⲅ,r
Ⲉ,Ee
Ⲋ,c
Ⲍ,Zz
Ⲏ,Hh
Ⲑ,Oo
Ⲓ,li
Ⲕ,Kk
Ⲙ,Mm
Ⲛ,Nn
Ⲟ,Oo
ⲟ,o

ᑕ,Cc
ᑖ,Cc
ᑡ,Cc
ᑢ,Cc
ᑣ,Cc
ᑤ,Cc
ᑥ,Cc
ᑪ,Cc
ᑧ,Uu
ᑨ,Nn
ᑫ,q
ᑬ,p
ᑭ,p
ᑮ,p
ᑯ,d
ᑰ,d
ᑱ,d
ᑲ,b
ᑳ,b
ᑴ,q
ᑵ,q
ᑶ,p
ᑷ,p
ᑸ,p
ᑹ,p
ᑺ,d
ᑻ,d
ᑼ,d
ᑽ,d
ᑾ,b
ᑿ,b
ᒀ,b
ᒁ,b
ᒂ,b
ᒪ,Ll
ᒫ,Ll
ᗅ,Aa
ᗋ,Aa
ᗄ,AaVv
ᗉ,c
ᗕ,c
ᗪ,Dd
ᗫ,Dd
D,Dd
D,Dd
ᗯ,Ww
ᗰ,Mm
ᗱ,Ee
ᗲ,Ee
ᗳ,Ee
ᗴ,Ee
B,Bb
ᗾ,BbEe
ᗿ,BbEe
ᘀ,BbEe
ᙖ,Bb
ᙗ,Bb
ᙘ,Bb
ᙙ,Bb
ᙩ,Bb
ᙪ,Bb
ᙫ,Bb
ᙬ,Bb
ᙎ,Ww
ᙎ,Ww
ᙔ,Ww
ᙛ,Ww
ᙧ,Ww
ᘻ,m
ᙏ,Mm
ᙕ,Mm
ᙜ,Mm
ᙨ,Mm
ᙅ,Cc
᙭,Xx
ᒎ,Jj
ᒏ,Jj
ᒑ,Jj
ᒥ,r
ᒦ,r

ƈ,c
ɗ,d
ʝ,ji
ӏ,li
ʂ,s
ҳ,x
ʐ,z

н,Hh

А,Aa
Б,b
В,Bb
Г,r
Ґ,r
Д,o
Ђ,h
Ѓ,r
Е,Ee
Є,Ee
Ж,Hh
З,3e
Ѕ,Ss
И,Nn
І,Iil
Ј,Jj
К,Kk
Л,n
Љ,nb
М,Mm
Н,Hh
Њ,Hb
О,Oo
Ō,Oo
Ӧ,Oo
П,n
Р,Pp
С,Cc
Т,Tt
Ћ,h
Ќ,Kk
У,y
Ӯ,y
Ў,y
Ӱ,y
Ф,Oo
Х,Xx
Ц,Uu
Ч,uh
Џ,Uu
Ш,UuWw
Щ,UuWw
Ъ,b
Ы,blu
Ь,b
Ѣ,b
Э,e
Ю,H
Я,Rr

Ӑ,Aa
Ӕ,AEae
Ә,a
Ӛ,a
Ғ,Ff
Ҕ,Ffh
Ӻ,Ffr
Ӷ,r

Ӗ,Ee
Ӂ,Xx
Җ,Xx
Ӝ,Xx
Ҙ,Ee
Ӟ,Ee
Ԑ,Ee
Ӡ,Ee
Ҋ,HhNh
Ӥ,Nn
Ј,Jj
Қ,Kk
Ӄ,Kk
Ҡ,Kk
Ҟ,Kk
Ҝ,Kk
Ԛ,QqOo
Ӆ,n
Ԯ,n
Ԓ,n
Ӎ,Mm
Ӊ,Hh
Ң,Hh
Ԩ,Hh
Ӈ,Hh
Ҥ,Hh
Ӧ,Oo
Ө,Ooe
Ӫ,Ooe
Ҩ,ao
Ԥ,n
Ҏ,p
Ҫ,Cc
Ҭ,Tt
Т,Tb
Ь,Bb
Ү,Yy
Ұ,Yy
Х,Xx
Ҳ,Xx
Ӽ,Xx
Ӿ,x
Һ,h
Ԧ,h
Ҵ,uo
Ҷ,u
Ӵ,u
Ӌ,u
Ҹ,u
Ҽ,e
Ҿ,e
Ҍ,b
Ӭ,Ee
Ԝ,Ww
Ӏ,Iil

Ꙁ,Zz
Ꙃ,Zz
Ꙅ,Ss
Ꙇ,Jji
Ꙉ,n
Ҁ,gi
Ѻ,Oo
Ѹ,o
Ꙋ,y
Ѡ,w
Ѽ,w
Ꙍ,wou
Ѿ,wou
Ꙏ,b
Ꙑ,bl
Ѣ,b
Ꙓ,lb
Ꙕ,OIoi
Ꙗ,IiAa
Ѥ,Ee
Ѧ,Aa
Ꙙ,Aa
Ѫ,n
Ꙛ,n
Ѩ,Iila
Ꙝ,Iila
Ѭ,n
Ѯ,e
Ѱ,u
Ѳ,Oo
Ѵ,v
Ѷ,v
Ԙ,Ee
Ꙟ,Tt
Ꙡ,Uu
Ꙣ,uo
Ꙥ,JjTt
Ꙧ,Mm
Ꙩ,Oo
Ꙫ,Oo
Ꙭ,Oo
Ꚙ,Oo
Ꚛ,Oo
Ԁ,d
Ԕ,JjXx
Ԗ,PpRr
Ԡ,n
Ԣ,Hh
Ҧ,hm
Ꚋ,Ttb
Ꚁ,o
Ꚅ,Kk
Ꚍ,Tt
Ꚕ,h
Ꚏ,Uu
Ꚗ,Ww
Ꚃ,Ss
Ԃ,d
Ԅ,Rr
Ԉ,n
Ԋ,Hh
Ԍ,Gg
Ԏ,TtJj
Ԇ,Rr
Ꚑ,Tt
Ꚉ,n
Ꚇ,wum
Ꚓ,hu
Ԟ,Kk
Ԭ,Aa

Ā,Aa
ā,a
Ă,A
ă,a
Ą,A
ą,a
Ć,C
ć,c
Ĉ,C
ĉ,c
Ċ,C
ċ,c
Č,C
č,c
Ď,D
ď,d
Đ,D
đ,d
Ē,E
ē,e
Ĕ,E
ĕ,e
Ė,E
ė,e
Ę,E
ę,e
Ě,E
ě,e
Ĝ,G
ĝ,g
Ğ,G
ğ,g
Ġ,G
ġ,g
Ģ,G
ģ,g
Ĥ,H
ĥ,h
Ħ,H
ħ,h
Ĩ,I
ĩ,i
Ī,I
ī,i
Ĭ,I
ĭ,i
Į,I
į,i
İ,I
ı,i
Ĳ,IJ
ĳ,ij
Ĵ,J
ĵ,j
Ķ,K
ķ,k
ĸ,k
Ĺ,L
ĺ,li
Ļ,L
ļ,li
Ľ,L
ľ,li
Ŀ,L
ŀ,li
Ł,L
ł,li
Ń,N
ń,n
Ņ,N
ņ,n
Ň,N
ň,n
ŉ,n
Ŋ,NJ
ŋ,n
Ō,O
ō,o
Ŏ,O
ŏ,o
Ő,O
ő,o
Œ,COE
œ,coe
Ŕ,R
ŕ,r
Ŗ,R
ŗ,r
Ř,R
ř,r
Ś,S
ś,s
Ŝ,S
ŝ,s
Ş,S
ş,s
Š,S
š,s
Ţ,T
ţ,t
Ť,T
ť,t
Ŧ,T
ŧ,t
Ũ,U
ũ,u
Ū,U
ū,u
Ŭ,U
ŭ,u
Ů,U
ů,u
Ű,U
ű,u
Ų,U
ų,u
Ŵ,W
ŵ,w
Ŷ,Y
ŷ,y
Ÿ,Y
Ź,Z
ź,z
Ż,Z
ż,z
Ž,Z
ž,z
ſ,r

ƀ,b
Ɓ,Bb
Ƃ,b
ƃ,b
Ƅ,b
ƅ,bn
Ɔ,Cc
Ƈ,Cc
ƈ,c
Ɖ,Dd
Ɗ,Dd
Ƌ,a
ƌ,a
ƍ,g
Ǝ,Ee
Ə,e
Ɛ,Ee
Ƒ,Ff
ƒ,f
Ɠ,Gg
Ɣ,y
ƕ,hn
Ɩ,Tt
Ɨ,Ii
Ƙ,Kk
ƙ,k
ƚ,lIi
ƛ,ln
Ɯ,Ww
Ɲ,Nn
ƞ,n
Ɵ,o
Ơ,Oo
ơ,o
Ƣ,Oo
ƣ,o
Ƥ,Pp
ƥ,Pp
Ʀ,Rr
Ƨ,Zz
ƨ,z
Ʃ,Ee
ƪ,lIi
ƫ,t
Ƭ,Tt
ƭ,Ee
Ʈ,Tt
Ư,Uu
ư,u
Ʊ,u
Ʋ,u
Ƴ,Yy
ƴ,y
Ƶ,Zz
ƶ,z
Ʒ,Ee
Ƹ,Ee
ƹ,Ee
ƺ,e
ƻ,Zz
Ƽ,Ss
ƽ,Ss
ƾ,c
ƿ,p
ǀ,Ili
ǁ,Ili
ǂ,t
ǃ,Ili
Ǆ,DdZz
ǅ,Ddz
ǆ,dz
Ǉ,Ww
ǈ,Llj
ǉ,lIij
Ǌ,NnJj
ǋ,Nnj
ǌ,nj
Ǎ,A
ǎ,a
Ǐ,Ii
ǐ,i
Ǒ,Oo
ǒ,o
Ǔ,Uu
ǔ,u
Ǖ,Uu
ǖ,u
Ǘ,Uu
ǘ,u
Ǚ,Uu
ǚ,u
Ǜ,Uu
ǜ,u
ǝ,e
Ǟ,a
ǟ,a
Ǡ,Aa
ǡ,a
Ǣ,AaEe
ǣ,ae
Ǥ,Gg
ǥ,g
Ǧ,G
ǧ,g
Ǩ,Kk
ǩ,k
Ǫ,QqOo
ǫ,qo
Ǭ,QqOo
ǭ,qo
Ǯ,Ee
ǯ,e
ǰ,Jj
Ǳ,DdZz
ǲ,Ddz
ǳ,dz
Ǵ,Gg
ǵ,g
Ƕ,Hh
Ƿ,Pp
Ǹ,Nn
ǹ,n
Ǻ,Aa
ǻ,a
Ǽ,AaEe
ǽ,ae
Ǿ,Oo
ǿ,o
Ȁ,Aa
ȁ,a
Ȃ,Aa
ȃ,a
Ȅ,Ee
ȅ,e
Ȇ,Ee
ȇ,e
Ȉ,Ii
ȉ,i
Ȋ,i
ȋ,i
Ȍ,Oo
ȍ,o
Ȏ,Oo
ȏ,o
Ȑ,Rr
ȑ,r
Ȓ,Rr
ȓ,r
Ȕ,Uu
ȕ,u
Ȗ,Uu
ȗ,u
Ș,Ss
ș,s
Ț,Tt
ț,t
Ȝ,Ee
ȝ,e
Ȟ,Hh
ȟ,h
Ƞ,hn
ȡ,d
Ȣ,Ss
ȣ,s
Ȥ,Zz
ȥ,z
Ȧ,Aa
ȧ,a
Ȩ,Ee
ȩ,e
Ȫ,Oo
ȫ,o
Ȭ,Oo
ȭ,o
Ȯ,Oo
ȯ,o
Ȱ,Oo
ȱ,o
Ȳ,Yy
ȳ,y
ȴ,l
ȵ,n
ȶ,t
ȷ,Jj
ȸ,bod
ȹ,qop
Ⱥ,Aa
Ȼ,Cc
ȼ,c
Ƚ,Ll
Ⱦ,Tt
ȿ,s
ɀ,Zz
Ɂ,Pp
ɂ,p
Ƀ,Bb
Ʉ,Uu
Ʌ,n
Ɇ,Ee
ɇ,e
Ɉ,Jj
ɉ,j
Ɋ,q
ɋ,q
Ɍ,Rr
ɍ,Ff
Ɏ,Yy
ɏ,y

Ⱡ,Li
ⱡ,Il
Ɫ,L
Ᵽ,P
Ɽ,R
ⱥ,a
ⱦ,i
Ⱨ,H
ⱨ,h
Ⱪ,K
ⱪ,k
Ⱬ,Z
ⱬ,z
Ɑ,Oa
Ɱ,M
Ɐ,AV
Ɒ,D
ⱱ,v
Ⱳ,W
ⱳ,w
ⱴ,v
Ⱶ,It
ⱶ,it
ⱷ,w
ⱸ,e
ⱹ,Li
ⱺ,o
ⱻ,E
ⱼ,j
ⱽ,v
Ȿ,S
Ɀ,Z

Ꜣ,E
ꜣ,E
Ꜥ,r
ꜥ,r
Ꜧ,H
ꜧ,h
Ꜩ,Tz
ꜩ,tz
Ꜫ,E
ꜫ,E
Ꜭ,a
ꜭ,a
Ꜯ,a
ꜯ,a
ꜰ,F
ꜱ,s
Ꜳ,AM
ꜳ,an
Ꜵ,AO
ꜵ,ao
Ꜷ,AJ
ꜷ,au
Ꜹ,N
ꜹ,a
Ꜻ,N
ꜻ,a
Ꜽ,A
ꜽ,a
Ꜿ,C
ꜿ,c
Ꝁ,K
ꝁ,k
Ꝃ,K
ꝃ,k
Ꝅ,K
ꝅ,k
Ꝇ,Li
ꝇ,li
Ꝉ,Li
ꝉ,li
Ꝋ,O
ꝋ,o
Ꝍ,O
ꝍ,o
Ꝏ,O
ꝏ,o
Ꝑ,P
ꝑ,p
Ꝓ,P
ꝓ,p
Ꝗ,Q
ꝗ,q
Ꝛ,i
ꝛ,i
Ꝥ,pD
ꝥ,p
Ꝧ,b
ꝧ,b
Ꝩ,P
ꝩ,p
Ꝯ,og
ꝯ,og
ꝰ,o
Ꝺ,O
ꝺ,o
Ꝼ,rli
ꝼ,rli
Ᵹ,o
Ꝿ,qo
ꝿ,q
Ꞁ,rli
ꞁ,li
Ꞃ,rn
ꞃ,rn
Ꞅ,rli
ꞅ,rli
Ꞇ,C
ꞇ,c
꞉,i
Ꞌ,i
ꞌ,i
Ɥ,hu
ꞎ,l
Ꞑ,N
ꞑ,n
Ꞡ,G
ꞡ,g
Ꞣ,K
ꞣ,k
Ꞥ,N
ꞥ,R
Ꞧ,R
ꞧ,F
Ꞩ,S
ꞩ,s
Ɦ,H
ꟸ,t
ꟹ,oe
ꟺ,mw
ꟻ,F
ꟼ,Pq
ꟽ,MW
ꟾ,Il
ꟿ,WM

ƀ,b

ƒ,f
❗,li
유,i

🇦,A
🇧,B
🇨,C
🇩,D
🇪,E
🇫,F
🇬,G
🇭,H
🇮,Il
🇯,J
🇰,K
🇱,L
🇲,M
🇳,N
🇴,O
🇵,P
🇶,Q
🇷,R
🇸,S
🇹,T
🇺,UV
🇻,VU
🇼,W
🇽,X
🇾,Y
🇿,Z

🄀,O
🄁,O
🄂,Il
🄅,A
🄆,S

🄋,O
🄌,O
🄪,S
🄫,C
🄬,R
🄭,CD
🄮,Wz
🄯,C
🅊,HV
🅋,MV
🅌,SD
🅍,SS
🅎,PV
🅏,WC

🅪,MC
🅫,MD
🅬,MR
🆛,D
🆝,K
🆞,K
🆟,K
🆣,P
🆤,P
🆥,d
🆦,HC
🆧,HDR
🆪,SHV
🆫,UHD
🆬,VOD

Ͳ,T
ͳ,T
Ͷ,N
ͷ,N
ͻ,c
ͼ,ce
ͽ,c
Ά,A
Έ,E
Ή,H
Ί,I
Ό,O
Ύ,Y
Ώ,O
ΐ,i
Α,A
Β,B
Γ,r
Δ,A
Ε,E
Ζ,Z
Η,H
Θ,O
Ι,Il
Κ,K
Λ,A
Μ,M
Ν,N
Ο,O
Π,n
Ρ,P
Σ,E
Τ,T
Υ,Y
Φ,O
Χ,X
Ψ,Tw
Ω,O
Ϊ,Il
Ϋ,Y
ά,a
έ,e
ή,n
ί,i
ΰ,u
α,a
β,B
γ,y
δ,do
ε,e
ζ,c
η,n
θ,O
ι,i
κ,k
λ,An
μ,u
ν,v
ξ,E
ο,o
π,n
ρ,p
ς,c
σ,o
τ,T
υ,u
φ,Wp
χ,X
ψ,w
ω,w
ϊ,i
Ϗ,K
ϐ,B
ϑ,o
ϒ,Y
ϕ,lo
ϖ,w
ϗ,NK
Ϙ,O
ϙ,o
Ϛ,C
ϛ,c
Ϝ,F
ϝ,f
Ϟ,Hn
ϟ,Hn
Ϣ,Wy
ϣ,wy
Ϥ,qu
ϥ,qu
Ϧ,b
ϧ,ec
Ϩ,Z
Ϫ,X
ϫ,x
Ϭ,bo
ϭ,bo
Ϯ,t
ϯ,t
ϰ,Kx
ϱ,p
ϲ,c
ϳ,j
ϴ,O
ϵ,e
϶,e
Ϸ,p
ϸ,p
Ϲ,C
Ϻ,M
ϻ,M
ϼ,p
Ͻ,C
Ͼ,CE
Ͽ,CD

Ё,E
Ђ,bh
Ѓ,r
Є,E
Ѕ,S
І,Il
Ї,Il
Ј,J
Љ,nb
Њ,Hb
Ћ,h
Ќ,K
Ѝ,N
Ў,y
Џ,U
А,A
Б,b
В,B
Г,r
Д,Do
Е,E
Ж,Xwm
З,E
И,N
Й,N
К,K
Л,n
М,M
Н,H
О,O
П,n
Р,P
С,C
Т,T
У,y
Ф,O
Х,X
Ц,u
Ч,u
Ш,w
Щ,w
Ъ,b
Ы,bl
Ь,b
Э,e
Ю,Ilo
Я,R
а,a
б,a
в,B
г,r
д,o
е,e
ж,X
з,e
и,N
й,N
к,K
л,n
м,M
н,H
о,o
п,n
р,p
с,c
т,T
у,y
ф,o
х,x
ц,u
ч,u
ш,w
щ,w
ъ,b
ы,bl
ь,b
э,e
ю,Ilo
я,R
ђ,n
ѓ,r
є,e
ѕ,s
і,i
ї,i
ј,j
љ,nb
њ,Hb
ћ,hn
џ,u
Ѡ,W
ѡ,w
Ѣ,b
ѣ,b
Ѥ,ICE
ѥ,ie
Ѧ,A
ѧ,A
Ѩ,A
ѩ,A
Ѫ,A
ѫ,A
Ѭ,A
ѭ,A
Ѯ,e
ѯ,e
Ѱ,w
ѱ,w
Ѳ,O
ѳ,o
Ѵ,v
ѵ,v
Ѷ,v
ѷ,v
Ѹ,q
ѹ,q
Ѻ,O
ѻ,o
Ѽ,w
ѽ,w
Ѿ,w
ѿ,w
Ҁ,G
ҁ,Gc
҂,i
Ҋ,N
ҋ,N
Ҍ,b
ҍ,b
Ҏ,p
ҏ,p
Ґ,r
ґ,r
Ғ,F
ғ,F
Ҕ,h
ҕ,h
Җ,X
җ,X
Ҙ,e
ҙ,e
Қ,K
қ,K
Ҝ,K
ҝ,K
Ҟ,K
ҟ,K
Ҡ,K
ҡ,K
Ң,H
ң,H
Ҥ,H
ҥ,H
Ҧ,m
ҧ,m
Ҩ,a
ҩ,a
Ҫ,C
ҫ,c
Ҭ,T
ҭ,T
Ү,Y
ү,Y
Ұ,Y
ұ,V
Ҳ,X
ҳ,x
Ҵ,Tu
ҵ,Tu
Ҷ,u
ҷ,u
Ҹ,u
ҹ,u
Һ,h
һ,h
Ҽ,e
ҽ,e
Ҿ,e
ҿ,e
Ӏ,I
Ӂ,X
ӂ,X
Ӄ,K
ӄ,K
Ӆ,no
ӆ,no
Ӈ,H
ӈ,H
Ӊ,H
ӊ,H
Ӌ,u
ӌ,u
Ӎ,M
ӎ,M
ӏ,Il
Ӕ,AE
ӕ,ae
Ә,e
ә,e
Ӡ,E
ӡ,E
Ө,e
ө,e
Ӷ,r
ӷ,r
Ӹ,blI
ӹ,blI
Ӻ,r
ӻ,r
Ӽ,X
ӽ,x
Ӿ,X
ӿ,x

Ա,U
Բ,F
Գ,q
Դ,nr
Ե,t
Զ,cz
Է,t
Ը,cr
Թ,A
Ժ,d
Ի,r
Լ,L
Խ,nu
Ծ,o
Կ,u
Հ,c
Ձ,Z
Ղ,n
Ճ,a
Մ,U
Յ,e
Ն,JLi
Շ,c
Ո,,n
Չ,,o
Պ,m
Ջ,o
Ռ,n
Ս,u
Վ,u
Տ,S
Ր,r
Ց,e
Ւ,r
Փ,o
Ք,p
Օ,O
Ֆ,c
ա,w
բ,F
գ,q
դ,n
ե,t
զ,q
է,t
ը,cno
թ,p
ժ,d
ի,rn
լ,Li
խ,N
ծ,o
կ,u
հ,h
ձ,odb
ղ,n
ճ,ao
մ,u
յ,j
ն,u
շ,Z
ո,n
չ,z
պ,wu
ջ,p
ռ,n
ս,u
վ,uy
տ,n
ր,n
ց,g
ւ,L
փ,n
ք,p
օ,o
ֆ,c
և,u
֏,n

Ⴀ,o
Ⴁ,uo
Ⴂ,no
Ⴃ,o
Ⴄ,OCn
Ⴅ,ne
Ⴆ,b
Ⴇ,Don
Ⴈ,rno
Ⴉ,Joq
Ⴊ,b
Ⴋ,d
Ⴌ,h
Ⴍ,Q
Ⴎ,U
Ⴏ,uj
Ⴐ,Jm
Ⴑ,J
Ⴒ,P
Ⴓ,Q
Ⴔ,qp
Ⴕ,jt
Ⴖ,mn

ꓐ,B
ꓑ,P
ꓒ,d
ꓓ,D
ꓔ,T
ꓕ,IL
ꓖ,G
ꓗ,K
ꓘ,K
ꓙ,J
ꓚ,C
ꓛ,C
ꓜ,Z
ꓝ,F
ꓞ,FI
ꓟ,M
ꓠ,N
ꓡ,L
ꓢ,S
ꓣ,R
ꓤ,R
ꓥ,n
ꓦ,V
ꓧ,H
ꓨ,G
ꓩ,r
ꓪ,W
ꓫ,X
ꓬ,Y
ꓭ,B
ꓮ,A
ꓯ,AV
ꓰ,E
ꓱ,E
ꓲ,IL
ꓳ,O
ꓴ,U
ꓵ,N
ꓶ,LI
ꓷ,DO

♍,m
♎,no
♏,m
⛎,U

ﬀ,f
ﬁ,fi
ﬂ,fl
ﬃ,fi
ﬄ,fl
ﬅ,ft
ﬆ,st

ɐ,ap
ɑ,ao
ɒ,abo
ɓ,b
ɔ,c
ɕ,cG
ɖ,d
ɗ,d
ɘ,e
ə,e
ɚ,e
ɛ,E
ɜ,E
ɝ,E
ɞ,Be
ɟ,tfJ
ɠ,g
ɡ,g
ɢ,G
ɣ,li
ɤ,li
ɥ,hu
ɦ,h
ɧ,hb
ɨ,i
ɩ,i
ɪ,I
ɫ,l
ɬ,l
ɭ,l
ɮ,B
ɯ,w
ɰ,wu
ɱ,m
ɲ,n
ɳ,n
ɴ,N
ɵ,o
ɶ,DE
ɷ,o
ɸ,oI
ɹ,rɹ
ɺ,r
ɻ,l
ɼ,cr
ɽ,cr
ɾ,i
ɿ,i
ʀ,R
ʁ,Rb
ʂ,sE
ʃ,fl
ʄ,ft
ʅ,li
ʆ,lI
ʇ,ti
ʈ,t
ʉ,u
ʊ,ou
ʋ,bou
ʌ,n
ʍ,M
ʎ,ln
ʏ,Y
ʐ,z
ʑ,Z
ʒ,E
ʓ,E
ʔ,p
ʕ,rp
ʖ,b
ʗ,CI
ʘ,o
ʙ,B
ʚ,B
ʛ,G
ʜ,H
ʝ,j
ʞ,K
ʟ,Li
ʠ,d
ʡ,tp
ʢ,tr
ʣ,dz
ʤ,db
ʥ,dz
ʦ,ts
ʧ,tf
ʨ,ct
ʩ,fmj
ʪ,s
ʫ,z
ʬ,w
ʭ,n
ʮ,u
ʯ,u

₠,CE
₡,C
₢,Cr
₣,F
₤,L
₥,m
₦,N
₧,Pts
₨,Rs
₩,W
₪,N
₫,d
€,EC
₭,K
₮,T
₯,Dp
₰,sg
₱,P
₲,G
₳,A
₴,ZS
₵,C
₶,Hn
₷,S
₸,T
₹,R
₺,L
₽,P
₿,B
ß,B
匚,C
ㄩ,U
千,FE
£,Ef
₤,Ef
’,'
´,'
¡,i
¢,c
£,eff
¤,o
¥,Y
¦,Il
§,Sf
©,C
ª,a
«,c
®,R
°,o
²,2z
³,3e
μ,u
¶,PlI
º,o
¿,i
ſ,if
þ,b
æ,ae
ſ,f
ð,od
đ,od
ŋ,no
Þ,P
Æ,AE
ẞ,B
Ŋ,N
º,o
Ð,D
Э,3E
Д,An
д,n
ɔ,co
ⵡ,U
ⵊ,I
ⵢ,S
ⴽ,kr
ⵀ,o
ⴱ,o
ⵙ,o
ⵍ,n
ⵎ,c
ⵛ,c
ⵡ,u
ⴰ,o
ⵏ,i
ⵖ,y
ⵉ,e
ⵜ,t
ⴷ,a
ⵇ,rz
ⴼ,h
ⵅ,x
ⴳ,x
ⵣ,hmx
ဆ,eo
တ,oc
န,s
မ,uo
ပ,uo
က,uc
င,co
သ,oc
စ,o
ရ,po
ယ,uc
ဖ,ue
ထ,oc
ခ,eo
လ,co
ဘ,co
ည,co
ဋ,CO
ဍ,CO
ဠ,CO
ဎ,UO
ဃ,UCO
ဧ,ECO
ဇ,CO
ဂ,NCO
ဟ,cu
ဒ,eb
ဓ,o
ဗ,uo
ဌ,cgoq
ဥ,cpo
၎,cqpo
၌,cgop
ქ,bo
წ,o
ე,oc
რ,mn
ტ,o
ყ,y
უ,gco
ი,n
Ი,Nu
ო,mn
პ,eo
ა,oc
ს,bo
დ,oc
ფ,oce
გ,o
ჰ,e
ჯ,tjco
კ,eco
ლ,mno
ზ,o
ხ,bo
ც,oeb
ვ,oeb
ბ,o
ნ,oc
მ,ao
ჭ,jtoc
ღ,mno
თ,onc
შ,doc
ჟ,yjo
ძ,doc
ჩ,ho
ક,sft
ચ,uci
ટ,sco
ત,nli
પ,uli
ય,ucli
ષ,uliy
ખ,wuli
છ,eoc
ઠ,ocs
થ,uli
ફ,sft
ર,rco
સ,chli
ગ,ocli
જ,oy
ડ,sc
દ,eco
બ,wuli
લ,hcli
હ,sc
ઘ,el
ઝ,khno
ઢ,soec
ધ,elic
ભ,hlio
વ,cli
ઙ,soc
ઞ,hcoli
ણ,isclo
ન,hli
મ,hli
શ,ocl
ឦ,nil
ឧ,soc
ឩ,soc
ឪ,soc
ឫ,yu
ឭ,nm
ឮ,nm
ឯ,nw
ឰ,nm
ឱ,sc
ឈ,nwu
ឬ,u
ទ,co
ភ,n
ឌ,soc
ធ,wu
អ,hil
ញ,mn
គ,an
ឡ,cigl
ឍ,miln
ឃ,wu
ជ,wu
ព,nm
ណ,mnw
៕,il
ឆ,inoc
រ,sil
ត,n
យ,wu
ឥ,n
ឲ,co
ផ,wu
ស,snu
ដ,wu
ថ,uoc
ង,wo
ហ,sun
ក,n
ល,sun
ឋ,u
ខ,soc
ច,uos
វ,sil
ប,u
ន,soc
ម,ua
ៗ,jcoil
។,li
ക,O
ച,Ilo
ട,Sc
ത,mo
പ,nUlI
യ,weoc
ഷ,uwon
ഖ,nuo
ഛ,eocn
ഥ,bno
ഫ,bno
ര,neoc
സ,mun
ഗ,soc
ജ,Bo
ഡ,nuwB
ദ,BoR
ബ,num
ല,eu
ഹ,no
ഘ,eu
ഝ,ewun
ഢ,wun
ധ,wun
ഭ,BRCF
വ,nu
ങ,BRC
ഞ,mno
ണ,em
ന,mn
മ,o
ശ,ueo
ꯀ,wIl
ꯁ,mo
ꯂ,co
ꯃ,Hc
ꯄ,MCIl
ꯅ,Co
ꯆ,AHC
ꯇ,co
ꯈ,ho
ꯉ,OIl
ꯊ,TwuIl
ꯋ,AHn
ꯌ,oRc
ꯍ,SIlT
ꯎ,msco
ꯏ,hso
ꯐ,E
ꯑ,CIlO
ꯒ,Tn
ꯓ,cN
ꯔ,AuoH
ꯕ,oY
ꯖ,c
ꯗ,hco
ꯘ,hcT
ꯙ,JTIl
ꯚ,JTIl
ꯛ,WTUO
ꯜ,FIl
ꯝ,FAT
ꯞ,MTCIl
ꯟ,Co
ꯠ,Yo
ꯡ,WOTIl
ꯢ,hoc
꯫,Il
᱕,cIl
ᱚ,DoCe
ᱟ,DoCe
ᱤ,AvIl
ᱩ,bc9
ᱮ,Sco
ᱳ,CO
ᱽ,lIeo
᱑,Il
᱖,eC
ᱛ,oO
ᱠ,bo
ᱥ,KvYcU
ᱪ,no
ᱯ,On
ᱴ,noIl
᱾,Il
᱒,cS
᱗,cS
ᱜ,COE
ᱡ,UNDO,
ᱦ,wUO
ᱰ,OIl
ᱵ,OIl
᱿,Il
᱓,Ce
᱘,eC
ᱝ,KEOC
ᱢ,UNDO
ᱧ,qpcoIl
ᱬ,MOC
ᱱ,YKC
ᱶ,ouci
।,Il
᱔,CG
᱙,CG
ᱞ,pqcoIl
ᱣ,oucIDl
ᱨ,DIlCO
ᱭ,cno
ᱲ,COK
ᱷ,wou
ሏ,Iyl
ሗ,mIl
ሟ,oT
ሧ,Tmun
ሯ,TC
ሷ,ACO
ቈ,oIlP
ቧ,AC0
ቯ,ACO
ቷ,TlIH
ቿ,HIlT
ኈ,Il
ኗ,TC
ኟ,TC
ኧ,YKTn
ኰ,n
ዀ,n
ወ,pDo
ዟ,HIl
ዧ,HIl
የ,Pqoe
ዷ,oec
ጇ,Toe
ጐ,Il
ጧ,mnT
ጯ,bmnT
ጷ,o
ጿ,o
ፀ,OD
ፏ,Tq
ፗ,TIl
අ,DPqOc
ආ,DPqOc
ඇ,DPqOc
ඈ,DPqOcE
ඉ,o
ඊ,o
උ,CO
ඌ,CO
එ,GcO
ඒ,GcO
ඔ,wO
ඕ,wO
ඖ,wO
අ,Dqpo
ක,oc
ඛ,Cne
ග,oc
ඞ,wA
ච,GO
ඡ,obC
ජ,obC
ඣ,wOD
ඤ,cw
ට,GcOD
ඪ,wO
ණ,cO
ත,o
ථ,GODc
ද,co
ධ,wAGs
න,Do
ප,oC
ඵ,ocD
බ,Ae
භ,coD
ම,GOD
ය,woEB
ර,ob
ල,CO
ව,DGO
ශ,ocD
ෂ,oC
ස,wB
හ,Do
ๅ,Il
ฃ,uDIl
ภ,nIl
ถ,nLI
ค,cp
ต,Mqn
จ,Dqn
ข,DUIl
ช,UDIl
ๆ,Il
ไ,bIl
ำ,Il
พ,wIlNM
ร,Pq
น,uN
ย,uIDl
บ,uIlD
ล,aDIl
ฟ,wIlM
ห,VNu
ก,no
ด,qno
เ,bIl
า,Il
ส,aDIl
ว,Ilb
ง,vuIl
ป,DIql
แ,bIl
อ,aGO
ท,Nvu
ม,uIl
ใ,bIl
ฝ,NwIl
๑,oc
๒,mueIl
๓,mbOc
๔,cDeO
฿,BIl
๕,cDeo
๖,oeD
๗,mIl
๘,wD
๙,nKo
๐,o
ฎ,IlDO
ฑ,NIl
ธ,bSo
ณ,uIl
ฯ,Il
ญ,ulIn
ฐ,Sbo
ฤ,nIl
ฆ,uIlN
ฏ,OIlD
โ,bIl
ฌ,nIl
ษ,uIl
ศ,npbo
ซ,uD
ฅ,npm
ฉ,aqnO
ฮ,OpDCG
ฒ,mIlq
ฬ,WIlN
ฦ,Il
堬,J
征,EIF
ᄃ,co
ᄋ,o
ᄁ,I
杤,hJF
ᄆ,o
ᢸ,bo
瑅,E
ᄀ,I
ਧ,pqoT
绯,E
ᄄ,co
ᄑ,oc
እ,y
ᄐ,Eco
ᄂ,L
ᄊ,AUM
ᣑ,poc
ᄎ,tl
ꐂ,IX
籽,Jt
䋇,Ro
ᄍ,Mu
㞯,ScOw
ᄉ,nA
ꑧ,wcu
Ⴭ,Z
牨,n
䘨,x
ᄇ,upA
ꡙ,So
䖎,B
宎,T
姹,F
攻,x
ᣪ,pq
ॼ,co
ᄏ,F
ቺ,TIl
佋,AJ
壬,TFE
ᄒ,o
ᝦ,JT
ᄈ,wuA
ⶵ,TH
訊,Al
ퟁ,Il
ᄌ,An
丒,x
笿,Ax
ᄅ,Sc
抠,cx
盻,S
ᐘ,voD
ꏶ,FIt
校,x
ᔮ,Lbi
蚇,Ro
ᥭ,ucD
ꦦ,wnu
ꗫ,CI
跍,tAo
归,E
ᢶ,v
놩,o
믘,oF
炬,EoC
ꗂ,Sf
컴,oI
탱,oHE
죜,IF
ꕨ,IMIT
핵,H
䩕,po
ꢄ,uBDo
ᝐ,I
況,o
巵,e
ⲛ,nv
ꄆ,ZNX
ꚑ,T
ᰀ,EB
ꢚ,mo
ꊌ,ZIF
Ꮧ,Il
욺,o
므,o
ᤝ,hn
ꃟ,YI
ㅞ,IT
Შ,aoc
䢾,B
ꡞ,bnoC
Ⲯ,YIv
肛,I
囡,ox
믱,oI
Ⴡ,I
ꮶ,K
ꀎ,uo
탦,EHO
ᭈ,uy
짿,cH
紆,TF
ㆿ,o
ྉ,mc
ꖐ,oH
ⳳ,BDo
망,oI
ꌻ,fO
뚘,c
쵃,H
ꢜ,Soc
ᒝ,lu
罓,x
ꮬ,So
ꖍ,Il
蔀,B
ꭙ,xy
걭,E
믌,o
炉,Ao
區,Co
ཪ,H
ひ,uo
ᒵ,iLJ
Ꮞ,aI
䆰,co
ᶭ,wuI
Ⳙ,u
쌬,H
ᔤ,S
ꃩ,I
ಋ,Doc
뮽,oE
䑩,At
听,TF
ꔻ,o
䡄,n
冗,n
ꕀ,wum
ォ,tI
짐,oI
生,EI
ꖹ,UO
쨛,c
厸,bGA
ᕒ,EW
夙,n
땀,o
ఞ,Bm
ᖼ,vI
ሿ,nA
ꌠ,HI
ꡤ,V
ዳ,eo
ⲱ,wDo
ꌙ,If
ᶐ,qoD
ㆨ,XE
ᙵ,l
ꃞ,F
ꂬ,woI
ꈅ,LC
ꏼ,d
ᕕ,Av
正,ED
Ⱝ,ID
ባ,nl
ᆿ,F
Ⱒ,O
ꖈ,wu
ᔘ,lS
ㄐ,uYI
ফ,BT
冱,oS
ᙒ,BwD
耓,TI
ꡖ,uO
ᝨ,TI
틐,E
鿽,O
犴,TF
巾,Top
ⲫ,oI
ᢍ,Buv
㠮,I
ⳮ,xH
ಫ,wT
ॐ,B
㧄,ULI
ᛙ,I
ꮾ,boD
业,UI
ⵦ,vc
ꪱ,I
鿈,Ro
ⶌ,eco
ጒ,IL
ᤎ,BEo
Ⱃ,bo
丈,X
ゐ,bo
纴,E
ᝯ,co
ꀯ,c
ꚅ,KB
డ,woD
ዤ,Hb
ᶴ,SI
伬,RO
ሌ,bnI
ᵓ,cou
ꭖ,x
ꏁ,BE
돋,c
ꡈ,cE
드,co
ဉ,po
ጋ,DI
ᆡ,I
ⱚ,o
ᏸ,B
ꁜ,C
ᓎ,pob
ꈜ,s
ꁭ,I
ꈫ,x
ᬌ,up
ꫳ,ob
ᜱ,VU
ᓃ,bo
ꑱ,bdco
ᘣ,bnoc
ꮞ,AI
ਯ,qpO
ꀸ,dbco
ᘉ,mIl
ፘ,Tu
ᒠ,lJu
Ⰳ,oV
ꮪ,c
ᘏ,ne
ຽ,Je
ᝋ,oA
ᶅ,l
ᚵ,YI
Ⱘ,CE
ꎧ,H
Ჟ,J
亅,JIl
ⱟ,O
ꬓ,H
ꎾ,c
ጴ,on
Ⅰ,I
ᨻ,mo
ழ,e
ꮺ,u
ⵯ,u
ꌬ,t
ꨟ,u
ꆽ,J
쇁,E
ᘈ,wu
ꐲ,yw
え,h
ದ,BwO
ᡙ,um
ꊁ,N
ꋁ,O
Ꭾ,p
ᯉ,o
ᯖ,x
ᮘ,DO
ང,c
ꏮ,wu
ሦ,w
ꨄ,m
ꗘ,PB
ꆀ,d
ꎞ,dE
ၽ,ue
ᣎ,u
ᑩ,cu
ꚴ,VU
Ꮦ,bTo
ꜟ,i
Ჽ,S
ⲧ,T
ꛔ,m
ᒳ,L
ꛕ,c
ত,b
ኮ,n
ᣩ,R
ꕡ,O
ᶒ,e
ⴛ,ch
ᯜ,S
ዹ,e
ꃎ,IH
ᜠ,v
ᦸ,eo
ꅧ,o
ㄮ,c
ꄠ,I
Ქ,co
ቫ,n
Ⅺ,XI
Ⅳ,IV
ᚮ,I
ꋢ,o
ⷓ,n
ꌚ,S
ፎ,L
ꉧ,C
ꈚ,H
Ჹ,o
ꨢ,m
ᯢ,I
ꔟ,m
ᘆ,lJc
ꎜ,H
ቪ,n
ᮎ,u
ᢋ,T
ᴽ,o
ꏾ,X
ᤃ,yo
ꍹ,L
ᖓ,lJ
ꔤ,I
Კ,uB
ⅸ,ix
ᗛ,Ev
ꕐ,w
ꊗ,wu
ப,u
ᦎ,o
ವ,wT
ᛡ,xI
れ,n
ꎇ,TZI
ꅔ,wOA
ꇋ,I
ㅂ,A
ᔠ,S
ᏼ,B
Ꝡ,W
ᛇ,I
ꘆ,w
ᜫ,x
ਘ,w
ໞ,n
ᜩ,Vk
ㄎ,S
ꝡ,w
ꃺ,x
ᮖ,u
ఴ,we
ᙃ,D
ཎ,Tp
ꋑ,db
ᑞ,co
ኛ,T
କ,m
ꏻ,I
ⷋ,n
ಆ,ue
এ,Do
ᖃ,bo
ꞝ,BDo
ᗈ,Av
ඬ,wO
ꃼ,u
ᬥ,wu
ꕺ,o
ᒛ,ji
ၾ,ue
ᮃ,Bo
Ꮻ,o
ቱ,T
ꨁ,m
ꛭ,p
ꛯ,S
ᅬ,I
ⴚ,n
ᴝ,nu
ꘪ,HM
ዯ,po
Ⱎ,w
ው,Do
ꄭ,L
ハ,I
ꥹ,E
ㅊ,t
ᖘ,p
ꧻ,o
ꭳ,no
ᚲ,c
ꛑ,C
ꀂ,uA
ቘ,T
ら,bo
ᵨ,p
ᛓ,I
ꚕ,h
Ꮺ,u
Ꮽ,eo
ꚜ,b
ꗔ,F
ᒆ,p
ꖝ,o
ၰ,uc
ᣐ,nb
ᐽ,A
ꚛ,o
ꏐ,X
ꛄ,p
ꮼ,u
Ⱈ,b
ꘐ,n
ꧤ,ce
ꋙ,X
ൈ,n
ᥠ,da
ꨖ,u
ਥ,qp
ଢ,n
ힿ,H
ᑋ,h
ᘧ,bco
ᡘ,n
ꠑ,bo
ፃ,p
ꖡ,w
ㄕ,P
ꩪ,o
ᰜ,So
ᠼ,T
ግ,I
ꕪ,c
உ,b
ㅟ,T
ꘃ,wI
ꨤ,m
ꚉ,Ao
ठ,o
〹,H
ꄩ,E
ꎣ,o
ꂧ,u
ꬴ,e
ጡ,m
ꩱ,cn
ꧾ,oc
ᘺ,wu
ᦒ,wo
ⴶ,I
ⶰ,H
Ʞ,K
ꖊ,o
ꆰ,O
ጃ,e
ᴤ,Sc
ᙶ,i
よ,d
ᐃ,o
ဩ,co
ꑥ,o
ꝵ,r
ඎ,a
ಶ,oD
ꁥ,Dqo
ᆷ,o
ⷎ,n
ⳤ,K
이,IO
ꬾ,D
ケ,T
コ,co
ꬒ,H
ഴ,pu
ඨ,w
ᳬ,u
ཬ,I
ઇ,BD
ᕪ,ce
ꁖ,O
ꃡ,u
Ꮾ,ob
ꏵ,U
ꄇ,A
ꕙ,B
ᢗ,c
ᓪ,J
ⷉ,n
ວ,J
Ჱ,B
ᓕ,lJ
ᰟ,o
ၡ,q
ᬏ,n
く,cV
ᗖ,VA
ኡ,hn
ᢳ,o
ᗵ,w
ఇ,B
ꂚ,N
ꀩ,m
ⷕ,n
ꊢ,O
ቲ,T
ᙯ,q
ꑑ,H
ຝ,w
ᒌ,n
Ნ,bo
ꖅ,I
ꁱ,n
ᐹ,v
ꗙ,BP
ꋗ,N
ሪ,l
ᥴ,c
ᡏ,Io
ꈲ,O
ㅿ,o
ꭏ,u
ଟ,c
ꈮ,o
ᯡ,o
ຜ,w
Ꮁ,I
ᵫ,ue
ㆤ,t
ⱊ,n
ᥒ,n
ꘒ,E
ꌤ,u
ዏ,B
Ꝙ,Q
ᤉ,E
ᓬ,E
Ⴝ,S
ꭜ,h
ள,n
ヶ,T
ឨ,S
ᥑ,a
Რ,m
ᖾ,I
መ,D
ꬖ,H
ᨄ,p
ꋡ,B
Ჯ,J
ᯊ,y
ᨃ,F
ᚳ,I
ꕽ,w
ꠕ,M
ᡗ,n
ꘋ,b
ᔕ,S
ヘ,L
ᨄ,P
ꤠ,M
ਜ,H
ᜣ, p

ᶀ,b
ᶁ,d
ᶂ,f
ᶃ,g
ᶄ,k
ᶅ,lbi
ᶆ,m
ᶇ,n
ᶈ,p
ᶉ,r
ᶊ,s
ᶋ,lf
ᶌ,yv
ᶍ,x
ᶎ,z
ᶏ,a
ᶐ,a
ᶑ,d
ᶒ,e
ᶓ,E
ᶔ,e
ᶕ,e
ᶖ,i
ᶗ,po
ᶘ,fli
ᶙ,u
ᶚ,B
ᶛ,o
ᶜ,c
ᶝ,c
ᶞ,o
ᶟ,e
ᶠ,f
ᶡ,ji
ᶢ,g
ᶣ,u
ᶤ,i
ᶥ,li
ᶦ,I
ᶧ,IE
ᶨ,ji
ᶩ,li
ᶪ,lib
ᶫ,Li
ᶬ,m
ᶭ,u
ᶮ,n
ᶯ,n
ᶰ,N
ᶱ,oe
ᶲ,OI
ᶳ,e
ᶴ,fli
ᶵ,tcb
ᶶ,u
ᶷ,uo
ᶸ,uv
ᶹ,uv
ᶺ,n
ᶻ,z
ᶼ,z
ᶽ,z
ᶾ,e
ᶿ,eo

∀,VA
∁,C
∂,e
∃,E
∅,o
∆,A
∈,CE
∊,cE
∋,E
∍,E
∎,o
∏,N
∐,U
∑,E
∔,t
∕,li
∖,li
∗,o
∘,o
√,v
∛,v
∜,v
∝,co
∞,o
∟,L
∠,c
∡,C
∢,C
∣,li
∥,li
∧,n
∨,vu
∩,n
∪,uv
∫,fli
∬,fli
∭,fli
∮,fli
∯,fli
∰,fli
∱,fli
∲,fli
∳,fli
∴,n
∵,vu
∶,li
∺,H
∻,t
∾,N
∿,N
≀,l
≅,E
≊,E
≋,E
≌,E
≎,o
≏,o
≑,t
≖,o
≗,o
≘,n
≙,nA
≚,vu
≜,nA
≝,def
≞,m
≡,E
≣,E
≤,cE
≥,cE
≦,cE
≧,cE
≨,cE
≩,cE
≪,c
≫,c
≬,o
≲,c
≳,c
≶,c
≷,c
≺,c
≻,c
≼,cE
≽,cE
≾,cE
≿,cE
⊂,c
⊃,c
⊆,c
⊇,cE
⊊,c
⊋,c
⊌,U
⊍,U
⊎,U
⊏,c
⊐,c
⊑,c
⊒,c
⊓,N
⊔,U
⊕,ot
⊖,o
⊗,ox
⊘,o
⊙,o
⊚,o
⊛,o
⊜,o
⊝,o
⊞,ot
⊟,o
⊠,ox
⊡,o
⊢,tli
⊣,tli
⊤,Tli
⊥,Tli
⊦,li
⊧,lic
⊨,c
⊩,H
⊪,H
⊫,Hc
⊰,c
⊱,E
⊲,c
⊳,c
⊴,ce
⊵,ce
⊶,o
⊷,o
⊸,o
⊹,t
⊺,Til
⊻,v
⊼,n
⊽,v
⊾,o
⊿,o
⋀,N
⋁,VU
⋂,N
⋃,U
⋄,o
⋆,o
⋇,XO
⋈,X
⋉,CX
⋊,X
⋋,n
⋌,Cn
⋎,vu
⋏,n
⋐,c
⋑,c
⋒,n
⋓,u
⋔,hn
⋕,H
⋖,c
⋗,c
⋘,c
⋙,c
⋚,EcS
⋛,Ec
⋜,Ec
⋝,Ec
⋞,Ec
⋤,Ec
⋥,Ec
⋦,Ec
⋧,Ec
⋨,Ec
⋩,Ec
⋮,li
⋲,E
⋳,E
⋴,E
⋵,E
⋶,E
⋷,E
⋸,E
⋹,E
⋺,E
⋻,E
⋼,E
⋽,E
⋾,E
⋿,E

⌀,O
⌂,A
⌃,n
⌄,uv
⌅,n
⌆,n
⌇,l
⌈,li
⌉,li
⌊,li
⌋,li
⌐,r
⌑,O
⌒,n
⌓,no
⌕,o
⌖,o
⌗,H
⌘,H
⌫,X
⌭,Ho
⌮,o
⌴,U
⌵,VU
⌶,I
⌹,t
⌺,o
⌻,o
⌼,O
⌽,OL
⌾,O
⌿,Lt
⍃,c
⍄,c
⍅,lt
⍆,lt
⍉,O
⍊,li
⍋,A
⍌,V
⍍,A
⍎,ol
⍏,t
⍐,tli
⍑,T
⍒,Al
⍓,An
⍔,V
⍕,T
⍖,t
⍗,il
⍘,i
⍙,Ao
⍚,o
⍛,o
⍜,O
⍝,NA
⍟,O
⍡,T
⍢,o
⍤,o
⍥,O
⍦,w
⍧,Cil
⍫,A
⍬,O
⍭,Lt
⍱,AV
⍲,An
⍳,il
⍴,p
⍵,w
⍶,a
⍷,E
⍸,li
⍹,w
⍺,a
⍼,L
⍽,u
⍾,n
⍿,lo
⎀,av
⎁,a
⎂,a
⎃,a
⎄,DO
⎅,o
⎈,o
⎉,o
⎊,o
⎋,o
⎍,n
⎎,f
⎏,o
⎐,o
⎑,o
⎒,p
⎔,O
⎕,O
⎛,li
⎜,li
⎝,li
⎞,li
⎟,li
⎠,lij
⎡,li
⎢,li
⎣,li
⎤,li
⎥,li
⎦,lij
⎧,li
⎨,li
⎩,li
⎪,li
⎫,li
⎬,li
⎭,lij
⎮,li
⎰,lif
⎱,li
⎲,c
⎳,c
⎴,n
⎵,u
⎶,h
⎷,v
⎸,li
⎹,li
⎾,li
⎿,Li
⏀,OI
⏁,TO
⏂,O
⏃,AIl
⏄,AT
⏅,A
⏆,tIl
⏇,TF
⏈,t
⏉,T
⏊,Li
⏋,iL
⏌,ilJ
⏍,O
⏏,A
⏐,li
⏑,u
⏒,uo
⏓,u
⏔,w
⏕,w
⏖,w
⏘,u
⏙,w
⏜,n
⏝,u
⏞,mn
⏟,wu
⏠,n
⏡,u
⏣,O
⏥,O
⏰,O
⏱,O
⏲,O
⏳,H
⏴,C
⏵,D
⏶,n
⏷,u
⏸,LI
⏺,O
⏻,Oli
⏼,Oli
⏽,LI
⏾,C
⏿,CO
⠇,Il
⠏,IL
⠓,L
⠛,o
⠜,J
⠝,J
⠟,P
⠣,l
⠦,L
⠧,L
⠪,C
⠯,C
⠶,o
⠷,b
⠸,IL
⠻,q
⠼,L
⠽,C
⠾,b
⡅,i
⡆,I
⡇,IL
⡟,P
⡪,S
⡫,S
⡱,DC
⡷,D
⡸,J
⡹,J
⡺,t
⢗,t
⢨,i
⢸,IL
⢻,q
⢽,F
⡯,F
⢾,D
⣇,L
⣏,C
⣒,o
⣖,c
⣗,t
⣤,o
⣫,S
⣪,S
⣲,c
⣸,L
⣹,C
⣺,t
⣼,b

﹀,uV
︾,uV
︿,n
︽,n
「,c
『,c
」,i
』,i
ŧ,ti
○,O
◯,O
◻,O
◻,O
◷,O
◶,O
◵,O
◴,O
◦,o
◎,O
◍,O
◌,O
◉,O
▢,O

\u{0627},li
ㄨ,x
უ,g
ᙀ,U

ሀ,vu
ሁ,vu
ሂ,yli
ሃ,y
ሄ,yb
ህ,U
ሆ,UP
ሇ,UP
ለ,n
ሉ,n
ሊ,n
ላ,n
ሌ,nb
ል,nbA
ሎ,no
ሏ,i1
ሐ,mh
ሑ,mh
ሒ,mh
ሓ,mh
ሔ,mhb
ሕ,mhi
ሖ,mh
ሗ,b
መ,ao
ሙ,ao
ሚ,aq
ማ,aq
ሜ,aqb
ም,qo
ሞ,qo
ሟ,aq
ሠ,uvw
ሡ,uvw
ሢ,uw
ሣ,uw
ሤ,ubw
ሥ,w
ሦ,wuv
ሧ,w
ረ,CG
ሩ,ciG
ሪ,cG
ራ,CG
ሬ,CG
ር,CG
ሮ,CG
ሯ,CI
ሰ,n
ሱ,n
ሲ,n
ሳ,n
ሴ,nb
ስ,n
ሶ,n
ሷ,I
ሸ,nIH
ሹ,nI
ሺ,nI
ሻ,nI
ሼ,nbI
ሽ,nI
ሾ,nI
ሿ,I
ቀ,Ilo
ቁ,Ilo
ቂ,Ilo
ቃ,Jo
ቄ,Ilob
ቅ,Ilo
ቆ,Ilo
ቇ,Ilo
ቈ,Ilob
ቊ,Ilo
ቋ,Ilo
ቌ,IloB
ቍ,Ilo
ቐ,Tlo
ቑ,Tlo
ቒ,TloE
ቓ,Jo
ቓ,Jo
ቔ,Tlob
ቕ,To
ቖ,ilo
ቘ,Tlo
ቚ,Tlo
ቛ,Ilo
ቜ,Tlob
ቝ,Tlo
በ,n
ቡ,n
ቢ,n
ባ,n
ቤ,nb
ብ,n
ቦ,n
ቧ,In
ቨ,n
ቩ,n
ቪ,n
ቫ,n
ቬ,nb
ቭ,n
ቮ,n
ቯ,n
ተ,Ilt
ቱ,Ilt
ቲ,Ilt
ታ,Jt
ቴ,bt
ት,Ilt
ቶ,it
ቷ,I
ቸ,T
ቹ,E
ቺ,E
ቻ,J
ቼ,tb
ች,T
ቾ,i
ቿ,I
ኀ,i
ኁ,i
ኂ,i
ኃ,J
ኄ,b
ኅ,in
ኆ,G
ኇ,G
ኈ,ib
ኊ,Hi
ኋ,i
ኌ,ib
ኍ,ui
ነ,ilb
ኑ,ilh
ኒ,il
ና,G
ኔ,b
ን,i
ኖ,G
ኗ,IG
ኘ,T
ኙ,T
ኚ,I
ኛ,GT
ኜ,Tb
ኝ,Tb
ኞ,TG
ኟ,IG
አ,nh
ኡ,nh
ኢ,nh
ኣ,nh
ኤ,nhb
እ,nh
ኦ,nh
ኧ,nh
ከ,nh
ኩ,nh
ኪ,nh
ካ,nh
ኬ,nhb
ክ,nh
ኮ,nh
ኯ,nh
ኰ,noh
ኲ,nh
ኳ,no
ኴ,nbo
ኵ,n
ኸ,nhT
ኹ,nhT
ኺ,nhT
ኻ,nT
ኼ,nhTb
ኽ,Tnh
ኾ,Tnh
ዀ,Tnho
ዂ,Tnh
ዃ,Ton
ዄ,Tonb
ዅ,Tnh
ወ,oD
ዉ,oD
ዊ,qp
ዋ,qp
ዌ,qpB
ው,oD
ዎ,qpj
ዏ,qpj
ዐ,ouv
ዑ,ouv
ዒ,ociq
ዓ,qio
ዔ,obq
ዕ,o
ዖ,ojp
ዘ,H
ዙ,H
ዚ,H
ዛ,H
ዜ,Hb
ዝ,H
ዞ,H
ዟ,HLI
ዠ,Hf
ዡ,HF
ዢ,HC
ዣ,Hf
ዤ,Hb
ዥ,HTf
ዦ,Hf
ዧ,HIf
የ,pi
ዩ,p
ዪ,pnh
ያ,p
ዬ,hp
ይ,e
ዮ,p
ዯ,P
ደ,e
ዱ,eh
ዲ,eh
ዳ,ehi
ዴ,eL
ድ,e
ዶ,ep
ዷ,ei
ዸ,eip
ዹ,ephi
ዺ,ephi
ዻ,ehi
ዼ,pie
ዽ,pie
ዾ,pe
ዿ,ehi
ጀ,Ie
ጁ,Ie
ጂ,Ie
ጃ,Te
ጄ,Ie
ጅ,IE
ጆ,Ie
ጇ,Ie
ገ,ni
ጉ,ni
ጊ,ni
ጋ,ceo
ጌ,nb
ግ,nli
ጎ,ni
ጏ,ni
ጐ,lon
ጒ,nHli
ጓ,nhB
ጔ,nb
ጕ,yi
ጘ,ni
ጙ,ni
ጚ,ni
ጛ,oc
ጜ,nb
ጝ,n
ጞ,ni
ጟ,In
ጠ,m
ጡ,m
ጢ,m
ጣ,nm
ጤ,mb
ጥ,T
ጦ,mn
ጧ,m
ጨ,mb
ጩ,mb
ጪ,mb
ጫ,mb
ጬ,mb
ጭ,Tb
ጮ,mb
ጯ,mn
ጰ,no
ጱ,no
ጲ,no
ጳ,no
ጴ,nob
ጵ,no
ጶ,no
ጷ,no
ጸ,no
ጹ,no
ጺ,no
ጻ,no
ጼ,no
ጽ,no
ጾ,no
ጿ,on
ፀ,Ao
ፁ,Ao
ፂ,qi
ፃ,qi
ፄ,ib
ፅ,oi
ፆ,pi
ፇ,pi
ፈ,bc
ፉ,ic
ፊ,cob
ፋ,ic
ፌ,bo
ፍ,Gi
ፎ,Cb
ፏ,It
ፐ,T
ፑ,TF
ፒ,TC
ፓ,TJ
ፔ,Tb
ፕ,T
ፖ,JT
ፗ,TI
ፘ,C
ፙ,oq
ፚ,Cb
፠,xo
፡,i
።,o
፣,i
፤,i
፥,i
፦,ri
፧,li
፨,o
፩,b
፪,ec
፫,r
፬,o
፭,c
፮,ib
፯,iz
፰,T
፱,UA
፲,i
፳,n
፴,nuv
፵,w
፶,u
፷,i
፸,C
፹,n
፺,B
፻,p
፼,p
ᎀ,o
ᎁ,q
ᎂ,qb
ᎃ,qo
ᎄ,n
ᎅ,n
ᎆ,nb
ᎇ,n
ᎈ,bo
ᎉ,cbH
ᎊ,bo
ᎋ,G
ᎌ,TF
ᎍ,TF
ᎎ,Tb
ᎏ,ToF
᎑,u
᎒,il
᎓,i
᎔,n
᎕,j
᎖,j
᎘,u
᎙,I

و,g9
⭞,C

٩,g9
٨,n
٧,Vu
٦,i
٥,o
٤,E
٣,r
٢,r
١,Il

＄,S